-- phpMyAdmin SQL Dump
-- version 4.7.3
-- https://www.phpmyadmin.net/
--
-- Host: localhost:3306
-- Generation Time: Oct 26, 2017 at 02:08 PM
-- Server version: 5.6.37
-- PHP Version: 5.6.30

SET SQL_MODE = "NO_AUTO_VALUE_ON_ZERO";
SET AUTOCOMMIT = 0;
START TRANSACTION;
SET time_zone = "+00:00";


/*!40101 SET @OLD_CHARACTER_SET_CLIENT=@@CHARACTER_SET_CLIENT */;
/*!40101 SET @OLD_CHARACTER_SET_RESULTS=@@CHARACTER_SET_RESULTS */;
/*!40101 SET @OLD_COLLATION_CONNECTION=@@COLLATION_CONNECTION */;
/*!40101 SET NAMES utf8mb4 */;

--
-- Database: `inovasik_db`
--

-- --------------------------------------------------------

--
-- Table structure for table `inovasi`
--

CREATE TABLE `inovasi` (
  `inovasi_id` int(11) NOT NULL,
  `opd_id` int(11) NOT NULL,
  `nama_inovasi` varchar(255) NOT NULL,
  `penjelasan` text NOT NULL,
  `manfaat` text NOT NULL,
  `keunikan` varchar(225) NOT NULL,
  `kemitraan` varchar(255) NOT NULL,
  `potensi` text NOT NULL,
  `strategi` varchar(255) NOT NULL,
  `sumber` text NOT NULL,
  `analisa` varchar(255) NOT NULL
) ENGINE=InnoDB DEFAULT CHARSET=latin1;

--
-- Dumping data for table `inovasi`
--

INSERT INTO `inovasi` (`inovasi_id`, `opd_id`, `nama_inovasi`, `penjelasan`, `manfaat`, `keunikan`, `kemitraan`, `potensi`, `strategi`, `sumber`, `analisa`) VALUES
(8, 13, ' E-Tiket BTS Transpakuan ', 'E-Tiket BTS Transpakuan di setiap Shelter BTS Transpakuan ', 'Manfaat Internel ( mengatasi persoalan  Kebocoran pendapatan, memperbaiki sistem pembayaran) , Manfaat Ekternal ( mengatasi persoalan uang tunai, memperbaiki sistem pembayaran)', 'pengenalan hal baru ', 'Bank Jawa Barat (BJB), Bank Rakyat Indonesia (BRI) dan Bank Mandiri sebagai mitra pengisian deposit/saldo/top up.', 'pengembangan diselururh Shelter BTS Transpakuan wilayah Kota Bogor', 'Sosialisasi manfaat E-Tiket dan Menambah Bank Mitra', 'APBD/CSR', 'Kerusakan / Kehilangan alat sehingga membutuh pemeliharaan / penggantian'),
(9, 13, 'Pemasangan Escope di Perdestrian', 'Pemasangan Escope di Perdestrian  Sepanjang Hotel Amaris sampai dengan Jl. Cidangiang', 'Manfaat Internal ( mengatasi persoalan masuknya PKL, Ojek Online di pedestrian ), Manfaat Ekternal ( memenuhi kebutuhan bagi penyandang disabilitas ( Kursi Roda), Memperbaiki penggunaan bollar yang tidak dapat di lalui oleh penyandang disabilitas ( Kursi Roda)', 'pengenalan hal baru', 'Kolasi Pejalan Kaki Bogor, Penyandang Disabilitas dan Komunikasi Persepeda sebagai Mitra Pengguna,pemberi masukan/ide ( tambah-kurang)', 'Pemasangan Escope diseluruh Pedestrian  wilayah Kota Bogor', 'Sosialisasi manfaat pedestrian, pemeliharaan dan pengawasan setiap tahun', 'APBD/CSR', 'Kerusakan / kehilangan alat sehinga membutuhkan pemeliharaan / penggantian'),
(11, 13, 'INTELEGENT TRANSPORT SYSTEM', 'Integrasi antar sistem informasi dan teknologi kominikasi dengan infrastuktur transportasi,kendaraaan dan pengguna jalan,sistem transportasi dan kendaraan melalui sistem transportasi secara keseluruhan untuk bekerja secara efektif dan efisien.\nSebagai aplikasi inti untuk oengelolaan lalu lintas kota,ITS akan mengelola dan menggunakan sumber daya data yang dibagikan antara berbagai sistem pengelolaan informasi dan fungsi manajement lalu lintas untuk memudahkan kerjasama antara beberapa sistem. untuk mendapatkan informasi yang berasal yang berasal dari berbagai sumber diperlaukan mekanisme pengumpulan dan pengelolaan diinformasi yang standart. untuk pengumpulan dan pengelolaan informasi yang standart ITS menggunakan 3 device yaitu CCTV,ATCS, dan Camera Counting', 'Lalu lintas dapat dioptimalkan kepada seluruh rute alternatif yang ada, sehingga dapat membantu pemakaian transportasi dan penggunaan transportasi dan pengguna tranportasi untuk 1. Meningkatkan kapasitas prasarana dan sarana transportasi 2. mengurangi kemacetan atau antrian kendaraan; 3.Meningkatkan keamanan dan kenyamanan pengguna jalan; 4.Mengefesiensienkan pengelolaan transportasi', 'Dapat menghitung volume kendaraan dan kecepatan lalu lintas melalui aplikasi CC lite', 'Pihak Ketiga oleh PT.BONET UTAMA', ' Membuka port-port aplikasi tranparan system (ITS Port) Agar ITS dapat diaplikasikan lebih jauh (misal SMS Server,Display VMS  dijalan,GPS dan e-traffic kios untuk masyarakat pada beberapa fasilitas publik.) 2. Dishub dan kepolisian dapat memanfaatkan integrasi CCTV dan ATCS-ITS untuk crime detection System dan pendidikan pelanggaran dengan mengguanakan sistem SCATS  (Sydney Coordinat Adaptive Traffic System)', 'Memanfaatkan dana anggaran dan SDM yang ada Secara maksimal', 'dalalm proses pembangunan mengguankan dana anggaran dari pemerintah daerah dan pemerintah pusat ,dalam proses pengerjaan melibatkan pihak ketiga serta untuk pengawasan baik dalam proses kegiatan menggunakan tenaga pegawai lingkungan kantor Dinas Perhubungan Kota Bogor', 'Terbatas nya anggaran dana, sumber dana, sumber daya manusia dan kebutuhan alat untuk mendukung pengembangan Intelegent Transport System'),
(12, 15, 'Market Place Sampah', 'Platform Ecommerce jual dan beli semua jenis sampah kota bogor dengan mengadopsi proses yang simple, didukung teknologi kekinian.\n', '\"1. Menumbuhkan semangat masyarakat peduli sampah 2. Mengubah pola pikir masyarakat, sampah memiliki nilai jual tinggi  3. Tersedia platform transaksi jual dan beli sampah yang mudah  4. Tercipta peluang ekonomi baru untuk masyarakat  5. Keuntungan bagi pengelola  \"', 'Model pengelolaan sampah online dengan bisnis proses yang simple didukung teknologi kekinian', 'Dinas Kebersihan sebagai pengelola proses didukung pengelola teknologi ecommerce', 'Dikelola secara profesional sehingga dapat menampung transaksi sampah hingga ke wilayah kota/kabupaten di Jawa Barat hingga Nasional', '\"1. Tim pengelola tetap 2. Fasilitas  3. Anggaran \"', '\"1. Kebijakan  2. SDM 3. Infrastruktur eCommerce (software, hardware dan jaringan)\"', '\"1. Penurunan pendapatan pengepul sampah 2. Peningkatan pendapatan masyarakat  3. Lingkungan lebih bersih 4. Pembuatan regulasi pengelolaan sampah \"'),
(13, 14, 'SILAK', 'Sistem Informasi Laporan Keuangan\n', 'Database adminstrasi SPJ, Realisasi anggaran realtime, LKPJ dan foto kegiatan digital dan Lap Realisasis untuk LPPD', 'Login untuk semua PPTK sehingga realisasi anggaran dapat langsung dilihat', '', 'Akan dikembanngkan untuk laporan realisasi yangdibutuhkan Aldabang', 'Kebijakan kepala dinas untuk mewajibkan aplikasi SILAK dalam pengajuan NPD sampai administarsi SPJ', 'SDM Dinas Pendidikan', 'Dibutuhkan space lebih banyak karna harus meungupload foto kegiatan'),
(15, 39, 'Digital signature SMART (Tanda tangan digital)', 'Sebuah kode unik yang di generate dengan teknologi crypto graphy Cpublic key infrastruktur yang dikeluarkan dan di verifikasi oleh cersifikat authority(CA)', 'proses penanda tangan sudah tidak manual sehingga dapat dilakukan dimana saja dan kapan saja, juga mengurangi kebutuhan kertas(papperles)(Internal) . -Proses pelayanan menjadi semakin mudah dan cepat', 'sistem ini adalah sistem pertama yang digunakan di opd', 'kekominfo, penyedia sertifiakt digital', '', '', 'DPMPTSP : Tenaga IT, PIHAK ke-3', ''),
(16, 50, 'LaMPiD', 'Informasi Kependudukan (Lahir, Mati, Pindah dan Datang)', 'Memudahkan dan Mempercepat Proses Pelayanan', 'Online', 'Kelurahan dan Disdukcapil', 'Terintegrasi dan Sinergi', 'Pengaturan Kebijakan dan Penganggaran', 'Anggaran dan SDM', 'Sosialisasi dan Evaluasi '),
(17, 49, 'BOGOR CITY e-Toorism', 'Aplikasiberbasis android yang bisa menampilkan jumlah kunjungan dimana pengisian melibatkan para pelaku pariwisata perkembangan di sektor pariwisata', 'Terdatanya Jumlah kunjungan dikota Bogor dan terpantaunya perkembangan disektor pariwisata', 'Aplikasi berbasis Android', 'CSR ITB', '', '', '', ''),
(20, 51, 'SIRKAS (Sistem informasi rencana anggaran kegiatan  sekolah) ', 'Sistem laporan keuangan BOS Kota dan Pusat', '1. Mengontrol penggunaan BOS di SD/SMP  2. Laporan keuangan BOS', 'Tiap sekolah mempunyai laporan keuangan', '', 'Kearah aset sekolah', '', '', ''),
(21, 51, 'SIPERI ( Sistem pengendalian Rekomendasi izin ', '', '1. Izin yang memberi BPPT 2.Surat rekomendasi cukup dengan secara online. 3.waktu pengurusan izin lebih cepat & transportan', 'Mengubah Semua yang manual  menjadi digital visitasi (data upload yang benar /Tidak) 2.Sudah divisitasi dapat surat izin ', 'sekolah ', 'sinkron dengan data dapodik (data pokok pendidikan ) (kemdikbud)', 'kebijakan', '', ''),
(22, 26, 'Regular Desludging (Penyedotan Lumpur Tinja Terjadwal)', 'Di Kota Bogor, penyedotan septictank masih dilakukan on call. Dalam arti, ketika seotictank penuh, maka penghuni menghubungi UPTD PAL (Pengelohan Air Limbah) Untuk permohonan penyedotan. Padahal secara ideal, setiap septictank perlu dilakukan penyedotan lumpur tinjanya secara berkala untuk meminimalkan potensi pencemaran lingkungan, tidak terpantaunya kualitas septictank, terbatasnya pelayanan yang lalu menyebabkan system pengelohan lumpur tinja yang idle (masih kurang dari kapasitas), dll.\n\nOleh karena itu, dengan bantuan IUWASH kemudian dipersiapkan program Penyedotan Lumpur Tinja Terjadwal atau PLTT (Regular Desbludging) untuk mengurangi beberapa konsekuensi tersebut. Jadi penyedotan dilakukan secara berkala dengan penjadwalan dan pembagian area zona pelayanan. Kemudia masyarakat memperoleh keringanan cukup membayar jasa tersebut melalui cicilan bulanan. Jadi tercipta win-win-solution.', 'Memperluas cakupan pelayanan, mempermudah masyarakat, mendukung pencapaian akses sanitasi layak, meningkatkan optimasi system pengolahan, mengurangi dampak pencemaran lingkungan.', 'Terjadwalnya penyedotan', 'Sebagai kewenangan sebagai operator akan dialihkan ke PDAM terutama dalam aspek database pelanggan dan sistem billing', 'Potensi perluasan dan replikasi diperkirakan cukup besar dengan prasyarat sosialisasi yang kontinu dan keterlibatan para pihak secara konsisten.', 'Regulasi yang ditegakkan, sosialisasi yang kontinu, penambahan kewenangan PDAM', 'SDM, Anggaran, DUkungan legisilatif', ''),
(24, 41, 'e-SIR Bogor Sehat', 'Sistem Informasi Rujukan Kesehatan Elektronik\n', 'e-SIR Memberikan kemudahan dalam rujukan kesehatan lanjutan baik dari FKTP ke RS, kemudahan dalam pencarian rs dan tempat tdur', 'menggunakan aplikasi berbasis WEB yang memudahkan untuk dibuka dimanapun (PC, Laptop, tablet, HP)', 'e-SIR bogor sehat bermitra dengan BPJS kesehatan (Aplicare) Untuk ketersediaan temoat tdur, bermitrasi organisasi profesi kesehatan  ', 'e-SIR bogor sehat dan Simpus bisa menjadi satu link (Berintegrasi ), Sebagai layanan kesehatan primier dan lanjutan dimana harapan kedepan bisa link dengan dashboard walikota (untuk konten tertentu sesuai yang dibutuhkan )', 'Penguatan komitmen dengan RS (PKS) Pembentukan TIM e-SIR RS dan puskesmas pembentukan TIM  pembina e-SIR kota bogor', 'Pendanaan,SDM', 'gangguan pada koneksi internet dan SO dari aplikasi, Server e-SIR tersimpan di Diskominfo, Server Simpus tersimpan di BPPT,'),
(26, 41, 'Simpus', 'sistem informasi puskesmas', 'mempercepat layanan pasien di puskesmas,mengurangi daftar tunggu dan puskesmas memiliki data laporan layanan kesehatan perhari (tetap)', 'integrasi dengan NIK ', 'Simpus bermitra dengan bpjs', '', 'optimalisasi infrastruktur  (pc,listrik,internet) penguatan komitmen puskesmas TIM Simpus', 'SDM kesehatan terlatih,PC yang terkomunikasi internet dan daya listrik memadai.', 'gangguan pada koneksi internet dan SO dari aplikasi, Server e-SIR tersimpan di Diskominfo, Server Simpus tersimpan di BPPT,'),
(27, 48, 'SITANDUK (Sistem informasi data administrasi kependudukan)', 'Sistem aplikasi yang berbasis data siak kemendagri yang dikembangkan yang menyajikan data kependudukan kota bogor secara ral time yang di aplikasikan melalui dashboard  disdukcapil', 'menyajikan data layanan dokumen kependudukan secara real time sesuai dengan layanan yang dilaksanakan ', 'Disajikan diruangan Biru (Blue Room), Menghidari duplikasi data kependudukan yang digunakan oleh banyak pihak', 'pihak-pihak yang berhubungan dengan data kependudukan ', 'Penambahan,aplikasi lain untuk memperkaya data layanan dan dapat dimanfaatkan baik internal maupun external. dan pemanfaatan biomentrik penduduk', 'slalu dijaga agar tidak rusak (Maintance System), Memperluad jalinan kerjasama dengan para pihak', 'tenaga operator / pemrogram sistem,dukungan dana untuk pemelharaan dan penambahan aplikasi,perangkat keras semakin diperbaharui', 'Data kependudukan agar tidak dimanfaatkan oleh pihak pihak yang tdk bertanggung jawab selalu diantisipasi memlaui kominikasi /perjanjian kerja sama'),
(28, 44, 'SIML ', 'sistem informasi metrologi legal', 'memudahkan informasi tentang kemetrologian, fasilitas pelayanan tera dan tera ulang, pembinaan dan  pengawasaan tertib ukur', '', 'OXALIS', 'pengembangan aplikasi dikembangkan secara bertahap perbidang', 'bekerja sama dengan pemeliharaan,pengembangan SDm,team website yang bertanggung jawab pengisianya', 'sumber daya manusia', 'Terkena Virus Internet'),
(29, 22, 'Semi real time bog data ', 'membangun system informasi pengumpulan dan pengelolaan serta analisa data makro dan sektoral sampai level kedalaman tingkat RW terhubung online sehingga RW dapat memasukan data melalui HP android ataupun berbasis WEB. input/update data dapat dilakukan setiap saat, atau minimal setiap minggu dengan divertifikasi oleh kelurahannya. sehingga data yang terkumpul dapat diolah bersifat semi real time.', 'tersedianya data lengkap sampai level RW,bahkan by name by address,Data Update (semi real time), pengumpulan data tidak memakan waktu lama,semua data sektora dapa terkumpul,dapat mengolah indicator makro sampai level rendah, Dengan tersedianya data dapat mempotret permasalahan/potensi dengan tepat perwilayah,meningkatkan alurasi pemilihan lokasi/target/sasaran dari sebuah interveksi kegiatan/program,untuk mengetahui data sektoral tidak perlu menunggu dari SKPD dan BPS,membantu dalam pengambilan keputusan (DSS)', 'data dapat memotret sampai level terbawah (RW),ikut memberdayakan masyarakat dalam hal penyediaan data pembangun, Data seluruh Sector terintegrasi,mendapat data paling update (semi real time).', ' kelurahan ,kecamatan,bagian pemerintahan,bappeda,BPS,Masyarakat(RT,RW)', 'pengembangan fungsi dan analisis dan pengolahan data,pengembangan kearah kemampuan menyusun model melalui model ekonometrik atau pemodelan lainya,terintegrasi dangan sistem informasi lainnya yang berkaitan dengan data.', ' pembangunan system /Software,penyediaan hardware diwilayah/masyarakat, Sosialisai,dibentuk semacam kader di masyarakat yang mengelola data (bisa dirangkap oleh RT dan RW)', ' Penyedian hardware (jaringan ,perangkat computer, router,internet PC dsb) bagi masyarakat dan wilayah,pembuatan software untuk system ini berbasis android dan web,sumber daya manusia (masyarakat/SKPD/Bappeda)', 'pada tahap awal sistem, mungkin terjadi Bug,Terdapat keungkinan data yang diinputkan salah, oleh karena itu ada tahap verifikasi.'),
(30, 52, 'SISPEK (Sistem pelayanan kelurahan)', 'Dalam era globalisasi yang penuh tantangan dan peluang serta seiring semakin maraknya kehidupan berdemokrasi diindonesia. pelayanan publik menjadi isu startegis karena meruoakan hak dasar setiap warga yang harus dipenuhi negara. Tuntutan peningkatan kualitas pelayan publik tidak hanya pada penyederhanaan proses pelayanan,namun juga kemudahan,kecepatan dan pentingnya pemanfaatan teknologi informasi. konsep SISPEK adalah salah satu inovasi dalam mendukung urusan pemerintah kota bogor terutama dalam hal pelayanan kepada kepada publik. lewat inovasi teknologi,pelayanan kepada warga pun sudah digunakan aplikasi SISPEK sehingga memudahkan warga mengurus keperluan tanpa harus datang langsung ke kecamatan.', 'Solusi untuk meningkatkan kualitas sekaligus mempermudah pelayanan kepada masyarakat,memudahkan warga mengurus keperluan tanpa harus datang ke kecamatan,penyampaian data lebih cepat dan aman,Biaya relatif lebih renda,waktu untuk mengerjakan relatif cepat ', 'keunikan dari program SISPEK adalah bahwa adanya integritas antara kelurahan dan kecamatan dimana dokumen yang dibawa oleh pemohon pelayanan ke kelurahan akan diterima langsung melalui internet(online)', 'Diskominfostandi', 'Memaksimalkan lembaga pendidikan/kurus IT untuk memberikan pelatihan kepada pegawai kecamatan kelurahan ', 'Perecanaan,inovasi yang matang , uji coba aplikasi , Implementasi dan evaluasi , Monitoring dan evaluasi', 'Pendaan,SDM(admin),Programmer, internet', 'Antisipasi jaringan internet yang sering terputus.'),
(31, 22, 'Sistem Informasi Perencanaan Pemanfaatan dan Pengendalian Ruang (SIP3R)', 'SI yang bertujuan untuk mengelola penataan ruang yang terintegrasi dari perencanaan, perizinan, pengawasan dan penindakan', 'Informasi penataan ruang dapat diketahui oleh masyarakat, koordinasi penataan ruang antar perangkat daerah meningkat ', 'Integrasi pengguna antar OPD, interoperabilitas antar sistem informasi, penggunaan data spasial', '', 'Kesiapan sumberdaya manusia yang memadai, koordinasi antar perangkat daerah yang sudah berjalan dengan baik', 'Regulasi payung penggunaan, peran kominfo dalam menjaga sistem/clearing house', 'Sumberdaya manusia, hardware berupa server di data center di kominfo', 'Sistem ini harus didukung oleh kominfo secara kuat khususnya keberlangsungan sistem informasi'),
(33, 33, 'Pencari kerja onllen kota bogor', 'Pencari kerja dan penganggur', 'Mempermudah bagi pencaker untuk mencari kerja dimana pun berada', 'Mempermudah informasi lowongan', 'Dikerjakan oleh pihak ke 3', 'Ada', 'Akan dibuat berita', 'Masyarakat kota Bogor', 'Keterbatasannya masyarakat tentang teknologi internet'),
(34, 50, 'PATEN', 'Pelayanan Administrasi Terpadu Kecamatan Kota Bogor', 'Memudahkan dan Mempercepat Proses Pelayanan Masyarakat Dalam Perizinan (Izin Gangguan Tempat Usaha & Izin Mendirikan Bangunan) dan Non Perizinan (Surat Pemberitahuan Tidak Keberatan)', 'Online', 'Pemerintah dan Organisasi', 'Penambahan Pelayanan Non Perizinan Lainnya', 'Pengaturan Kebijakan dan Penganggaran', 'Anggaran dan SDM', 'Sosialisasi, Evaluasi dan Koneksi Internet'),
(35, 51, 'SIlak', 'Aplikasi untuk membantu pengadministrasian SPJ secara online', 'membantu pptk dalam pengadministrasioan secara atoatid dan online', 'digunakan oleh semua pptk dinas pendidikan', 'tidak ada', 'laporan terinergrasi dengan aset', 'kebjakan kepala dinas mulai pengajuan NPD sampai pelaporan harus memakain aplikasi', 'SDM disdik', ''),
(36, 50, 'PR2', 'Pengantar RT/RW', 'Memudahkan dan Mempercepat Proses Pelayanan', 'Online', 'Pemerintahan dan Organisasi', 'Terintegrasi dan Sinergi', 'Pengaturan Kebijakan dan Penganggaran', 'Anggaran dan SDM', 'Sosialisasi, Evaluasi dan Koneksi Internet'),
(40, 43, 'Sistem Informasi Pajak Daerah Online', 'Pendaftaran, Pelaporan, Pembayaran dan Monitoring Pajak Daerah Secara Online', 'Penerapan Sistem Online Pajak Daerah secara nyata mengubah persepsi masyarakat terhadap kualitas pelayanan pajak kota bogor, di Bulan 2016 basis data SIM Pajak Daerah mencatat hanya 20,96% wajib pajak daerah kota bogor yang tidak melakukan pelaporan pajak setiap bulannya, Basis  data SIM Pajak Daerah juga menunjukkan bahwa hanya 27,15% wajib pajak yang telat melakukan pembayaran setiap bulannya, Disepanjang tahun 2016 Petugas loket pelayanan pajak daerah terpadu tidak pernah  lagi melakukan lembur untuk menyelesaikan layanan pelaporan pajak daerah disetiap tanggal jatuh tempo pajak daerah kota bogor setiap bulannya, Dihapuskannya fungsi kas pada loket Pelayanan Pajak Daerah terpadu seiiring diterapkannya sistem pajak daerah kota bogor', 'Penggunaan teknologi sistem informasi dalam proses pengelolaan pajak daerah secara menyeluruh ', 'Bank BJB sebagai bank kas daerah yang menerima pembayaran pajak, Bank BTN sebagai tempat pembayaran, PT. POS sebagai tempat pembayaran, PT. Telkom sebagai penyedia layanan internet, Kejaksaan Negeri Bogor sebagai mitra penegak hukum', 'Potensi pengembangan maupun replikasi sangat mungkin dilakukan oleh pemerintah daerah se-Indonesia dikarenakan dasar pengembangan ini merupakan pengembangan yang diamanatkan dari undang-undang', 'Regulasi, Kelembagaan, Penganggaran, Sumber Daya dan Kompetensi', 'Tim Teknis pengembangan yang diketuai Kepala Bapenda Kota Bogor sebagai penggerak, Tim legal yang diketuai oleh Sekretaris Bapenda, Teknik Informatika (Programmer dan Penanggung Jawab Jaringan), Manajemen Komputer (Admin/OC), Pembiayaan', 'Pembuatan SOP backup data, Penyediaan ruang server yang baik, Penyediaan collocation sebagai back up, Kegiatan pemeliharaan parimeter, Penyediaan back up koneksi internet'),
(41, 46, 'SIMPENAN (Sistem Informasi Manajemen Pelayanan Administrasi)', 'Pengintegrasian Informasi dan pelayanan administrasi yang menggabungkan beberapaaplikasi yang berada di wilayah kecamatan dan kelurahan', 'memudahkan dan mempercepat proses pelayanan kepada masyarakat', 'proses pengadministrasian pelayanan dilaksanakan by sistem', 'Diskominfostandi', 'Penambahan fitur notifikasi', 'Pengintegrasian alokasi SIM Paten, Sim Wilayah, dan e-surat menjadi satu aplikasi', 'Komputer, jaringan internet, ruang pelayanan dan personil/tenaga operator', 'jaringan/konektivitas jelek, berkas administrasi yang tidak memenuhi sop, belum ada aturan jelas mengenai penandatanganan oleh pejabat kecamatan/kelurahan digital'),
(42, 22, 'Pemanfaatan Dana CSR bagi Angkot Wisata Kota Bogor', 'Penataan angkot masih menjadi permasalahan di Kota Bogor. Tingkat kemacetan pada waktu-waktu tertentu membuat pemandangan jalan-jalan di Kota Bogor sebagai Green City jadi kurang menarik', 'Penumpang : memudahkan calon penumpang menentukan angkot yang akan dinaiki sesuai tujuannya; Pemilik angkot/angkot : mengubah tampilan angkot Kota Bogor menjadi lebih menarik; Perusahaan : Dapat promosi/beriklan dgn cara yang paling efektif;  Umum : meningkatkan kualitas pemandangan dijalan-jalan Kota Bogor yang didomminasi angkot; Wisatawan : menjadikan pengalaman tersendiri memilih angkot dengan lebih mudah', 'Belum ada daerah yang menggunakan cara ini', 'Pemerintah Daerah, Koperasi Angkot; Perusahaan Swasta', 'Pemerintah Daerah; Koperasi Angkot; Perusahaan Swasta', 'Monev oleh OPD terkait; Pengaturan pemanfaaan dana CSR tahun berikutnya', 'Pemerintah Kota Bogor sebgai fasilitator; Manajemen Koperasii Angkot; Perusahaan Swasta', 'Adanya hambatan dalam prosedur penyaluran CSR dalam bentuk barang dari pihak donator; Kemungkinan munculnya benturan antara aturan perundang-undangan yang mengatur CSR'),
(43, 21, 'SIMDA', 'SIMDA merupakan salah satu upaya dalam rangka memenuhi kebutuhan informasi secara cepat, tepat, lengkap, akurat, dan terpadu, untuk menunjang proses administrasi pemerintahan, pelayanan masyarakat, dan memfasilitasi partisipasi dan dialog publik dalam perumusan kebijakan.', 'Database terpadu, tidak perlu input berulang-ulang data yang sama, data yang sama akan tercek dan recek secara otomatis (validasi data terjamin), fleksibel, dapat menghasilkan informasi sesuai dengan kebutuhan dimana output dapat disesuaikan menurut perundang-undangan yang berlaku, dan Output dapat disajikan berdasarkan kebutuhan manajemen pemerintah daerah untuk mengambil keputusan/ kebijakan.', '', 'Badan Pengawasan Keuangan dan Pembangunan', '', '', '', ''),
(44, 21, 'SIMABADA', 'memberikan kemudahan untk meningkatkan kinerja dan informasi secara cepat mengenai Data inventarisasi Barang dan Aset pemerintahan yang dibuat berdasarkan Permendagri No. 17 Tahun 2007.', 'agar Pemerintah Daerah mempunyai Informasi yang akurat mengenai Barang dan Aset Daerah Penyelenggara Proses Penganggaran Kebutuhan akan barang yang terkoordinasi sesuai dengan fungsi dan kebutuhan, adanya Standarisasi Kode barang sesuai dinas/instansi, Proses Pemeliharaan barang yang teratur dan tertata guna sehingga berimbas pada Efisiensi dan efektifitas biaya, pemanfaatan setiap jenis barang atau Aset sesuai dengan fungsi dan kebutuhanya.', '', '', '', '', '', ''),
(45, 25, 'Portal Satu Data ', 'portal satu data adalah wadah Perangkat daerah untuk menampilkan data yang wajid di publish bagi masyarakat', 'Keterbukaan Data bagi masyarakat', 'Bagi masyarakat luas khusus nya warga bogor', 'Pihak Ke 3', 'rencana pengembangan portal satu data untuk memaksimalkan data ', 'perwali atau perda ', 'semua perangkat daerah', '-'),
(46, 59, 'Lavitrap', 'Lavitrap adalah alat perangkap nyamuk demam berdarah terbuat dari botol (bekas) air mineral isi 1600 ml yang dirancang sedemikian rupa sebagai tempat bertelurnya nyamuk demam berdarah. Cara kerjanya, setelah nyamuk dewasa bertelur maka telurnya akan masuk ke dalam perangkap sehingga ketika telur itu menetas maka nyamuk yang beru menetas tidak dapat keluar karena terhalang oleh jaring perangkap. ', 'Dapat memutus siklus berkembangbiaknya nyamuk sehingga dapat mengurangi penyakit demam berdarah', 'Menggunakan bahan bekas yaitu botol air mineral isi 1600 ml, sehingga dapat mengurangi resiko DBD', '', '', '', '', ''),
(47, 15, 'SEMAT (Sensor Macet)', 'Sistem deteksi kemacetan lalu lintas menggunakan sensor elektrostatis, dapat mendeteksi okupansi kendaraan yang melintasi, sensor dapat mengetahui tipe dan karakteristik kendaraan berbantuan web dan mobile application', '1.	Pengguna jalan bisa memantau kondisi jalan yang akan di lalui. 2.	Pelanggaran Lalin terdeteksi oleh sensor (electrostatic seri SK) sehingga di tindak lanjuti oleh pihak berwajib. 3.	Mengurai kemacetan, karena pengendara mampu memantau jalur yang akan dilalui macet, sehingga pengendara dapat menggunakan jalur lain.', '', '', '', '', '', ''),
(48, 15, 'Asuh Pendidikan', 'Sistem pengelolaan bantuan untuk anak  berprestasi yang tidak mampu secara ekonomi ', 'Membantu keluarga miskin yang punya anak berprestasi untuk melanjutkan sekolah ke jenjang pendidikan tinggi', 'Bersifat kelembagaan dikelola oleh pemkot/komunitas berbasis aplikasi terbuka sehingga siapapun bisa membantu ', 'Dinas pendidikan, pengusaha, relawan, orang yang dermawan dan sekolah', 'Dapat diaplikasikan untuk seluruh indonesia', 'Kelembagaan yang jelas, Melakukan promosi serta pengembangan', 'Siapa saja yang dermawan', 'Tata kelola harus profesional & akuntabel'),
(49, 15, 'E-Infrastructur', 'Melaporkan infrastruktur yang rusak atau ingin membuat infrastruktur tertentu di kota Bogor kepada PEMKOT melalui aplikasi berbasis Android/IoS', 'Memudahkan PEMKOT dalam perencanaan, pengelolaan serta merawat Infrakstuktur di kota Bogor', 'Memberikan data laporan infrastruktur secara real time dari masyarakat berbasis aplikasi Android.', 'Pemkot', 'Menambahkan fitur Video untuk memperjelas  infrastuktur yang akan dikelola serta analisis perkembangan Infra kota', 'Memberikan laporan secara real time tanpa harus melawati proses yang panjang, dimana laporan langsung terkirim ke sistem pusat pemerintahan kota bogor', 'Server untuk aplikasi E-infrastucture, Smartphone, Koneksi Internet', 'Memerlukan koneksi internet yang stabil, pencurian data oleh pihak yang tidak bertangung jawab dan laporan infastuktur palsu');

-- --------------------------------------------------------

--
-- Table structure for table `logactivity`
--

CREATE TABLE `logactivity` (
  `opd_id` int(3) NOT NULL,
  `activity` text NOT NULL,
  `time` datetime NOT NULL
) ENGINE=InnoDB DEFAULT CHARSET=latin1;

--
-- Dumping data for table `logactivity`
--

INSERT INTO `logactivity` (`opd_id`, `activity`, `time`) VALUES
(2, 'Menghapus data log aktivitas', '2017-08-16 05:22:26'),
(11, 'Login administrator', '2017-08-16 09:10:39'),
(11, 'Menghapus data dari tabel opd dengan id 11', '2017-08-16 09:17:12'),
(11, 'Menyimpan user AS', '2017-08-16 09:18:41'),
(11, 'Menghapus data dari tabel opd dengan id 12', '2017-08-16 09:18:45'),
(11, 'Menyimpan Galeri Foto a', '2017-08-16 09:20:44'),
(11, 'Mengubah Galeri b', '2017-08-16 09:21:03'),
(11, 'Logout administrator', '2017-08-16 09:42:07'),
(8, 'Login administrator', '2017-08-16 09:42:43'),
(8, 'Edit profile', '2017-08-16 09:43:04'),
(8, 'Logout administrator', '2017-08-16 09:43:06'),
(8, 'Login administrator', '2017-08-16 09:43:18'),
(8, 'Logout administrator', '2017-08-16 10:28:50'),
(12, 'Login administrator', '2017-08-16 10:29:20'),
(12, 'Logout administrator', '2017-08-16 10:29:43'),
(12, 'Login administrator', '2017-08-16 10:29:58'),
(12, 'Logout administrator', '2017-08-16 10:30:56'),
(11, 'Login administrator', '2017-08-16 10:31:00'),
(11, 'Logout administrator', '2017-08-16 10:35:21'),
(12, 'Login administrator', '2017-08-16 10:35:30'),
(12, 'Logout administrator', '2017-08-16 10:36:00'),
(12, 'Login administrator', '2017-08-16 10:36:03'),
(12, 'Logout administrator', '2017-08-16 10:36:10'),
(11, 'Login administrator', '2017-08-16 10:36:22'),
(11, 'Logout administrator', '2017-08-16 10:37:13'),
(11, 'Login administrator', '2017-08-16 10:37:16'),
(11, 'Logout administrator', '2017-08-16 10:37:50'),
(11, 'Login administrator', '2017-08-16 10:37:53'),
(11, 'Menyimpan user 4', '2017-08-16 10:39:09'),
(11, 'Edit profile', '2017-08-16 10:39:46'),
(11, 'Edit profile', '2017-08-16 10:41:42'),
(11, 'Edit profile', '2017-08-16 10:41:45'),
(11, 'Logout administrator', '2017-08-16 10:41:48'),
(11, 'Login administrator', '2017-08-16 11:22:43'),
(11, 'Login administrator', '2017-08-17 22:39:08'),
(11, 'Logout administrator', '2017-08-17 23:17:10'),
(11, 'Login administrator', '2017-08-17 23:17:21'),
(11, 'Logout administrator', '2017-08-18 00:39:46'),
(11, 'Login administrator', '2017-08-18 00:39:57'),
(11, 'Logout administrator', '2017-08-18 00:41:59'),
(11, 'Login administrator', '2017-08-18 00:42:28'),
(11, 'Logout administrator', '2017-08-18 00:43:07'),
(11, 'Login administrator', '2017-08-18 00:43:19'),
(11, 'Mengupdate user bahu', '2017-08-18 00:44:00'),
(11, 'Logout administrator', '2017-08-18 00:44:02'),
(11, 'Login administrator', '2017-08-18 00:44:06'),
(11, 'Logout administrator', '2017-08-18 01:50:58'),
(15, 'Login administrator', '2017-08-18 01:51:14'),
(15, 'Logout administrator', '2017-08-18 01:58:03'),
(12, 'Login administrator', '2017-08-18 01:58:20'),
(13, 'Login administrator', '2017-08-18 02:01:41'),
(13, 'Login administrator', '2017-08-18 02:01:47'),
(13, 'Login administrator', '2017-08-18 02:02:09'),
(13, 'Login administrator', '2017-08-18 02:04:18'),
(13, 'Menyimpan Galeri Foto jsajsbf', '2017-08-18 02:06:47'),
(13, 'Menghapus data dari tabel inovasi dengan id 6', '2017-08-18 02:07:00'),
(13, 'Menyimpan Galeri Foto 1. E-Tiket BTS Transapakuan', '2017-08-18 02:19:47'),
(13, 'Menghapus data dari tabel inovasi dengan id 7', '2017-08-18 02:19:52'),
(13, 'Menyimpan Galeri Foto  E-Tiket BTS Transpakuan ', '2017-08-18 02:33:23'),
(13, 'Menyimpan user 8', '2017-08-18 02:34:28'),
(13, 'Menyimpan Galeri Foto Pemasangan Escope di Perdestrian', '2017-08-18 02:46:43'),
(13, 'Menyimpan user 9', '2017-08-18 02:47:19'),
(13, 'Menyimpan Galeri Foto INTELEGENT TRANSPORT SYSTEM', '2017-08-18 03:06:21'),
(13, 'Menghapus data dari tabel inovasi dengan id 10', '2017-08-18 03:06:30'),
(13, 'Menyimpan Galeri Foto INTELEGENT TRANSPORT SYSTEM', '2017-08-18 03:18:01'),
(13, 'Menyimpan user 11', '2017-08-18 03:19:05'),
(13, 'Logout administrator', '2017-08-18 03:28:21'),
(15, 'Login administrator', '2017-08-18 03:28:36'),
(15, 'Edit profile', '2017-08-18 03:47:39'),
(15, 'Menyimpan Galeri Foto Market Place Sampah', '2017-08-18 03:49:07'),
(15, 'Menyimpan user 12', '2017-08-18 03:49:32'),
(15, 'Logout administrator', '2017-08-18 03:50:45'),
(14, 'Login administrator', '2017-08-18 03:50:53'),
(14, 'Edit profile', '2017-08-18 03:54:11'),
(14, 'Menyimpan Galeri Foto SILAK', '2017-08-18 03:55:30'),
(14, 'Menyimpan user 13', '2017-08-18 03:55:55'),
(14, 'Logout administrator', '2017-08-18 03:56:00'),
(13, 'Login administrator', '2017-08-18 04:36:45'),
(13, 'Logout administrator', '2017-08-18 04:38:23'),
(11, 'Login administrator', '2017-08-18 04:38:32'),
(11, 'Logout administrator', '2017-08-18 04:38:40'),
(12, 'Login administrator', '2017-08-18 04:38:48'),
(12, 'Logout administrator', '2017-08-18 04:39:17'),
(15, 'Login administrator', '2017-08-18 04:39:23'),
(15, 'Logout administrator', '2017-08-18 04:40:37'),
(13, 'Login administrator', '2017-08-18 04:42:47'),
(12, 'Login administrator', '2017-08-18 05:36:01'),
(12, 'Menyimpan user sekretariat daerah', '2017-08-18 05:38:44'),
(12, 'Menyimpan user dewan perwakilan rakyat daerah', '2017-08-18 05:39:32'),
(12, 'Menyimpan user sekretariat DPRD', '2017-08-18 05:40:09'),
(12, 'Menyimpan user inspektorat', '2017-08-18 05:41:06'),
(12, 'Menyimpan user bkpsda', '2017-08-18 05:41:40'),
(12, 'Menyimpan user bpkad', '2017-08-18 05:42:04'),
(12, 'Login administrator', '2017-08-18 05:42:31'),
(12, 'Menyimpan user bappeda', '2017-08-18 05:42:46'),
(12, 'Menyimpan user diskarpus', '2017-08-18 05:43:22'),
(12, 'Menyimpan user dkp', '2017-08-18 05:43:31'),
(12, 'Menyimpan user diskominfostandi', '2017-08-18 05:43:56'),
(12, 'Menyimpan user dpupr', '2017-08-18 05:44:02'),
(12, 'Menyimpan user dpmppa', '2017-08-18 05:44:24'),
(12, 'Menyimpan user dppkb', '2017-08-18 05:44:28'),
(12, 'Menyimpan user dispora', '2017-08-18 05:44:46'),
(12, 'Menyimpan user distani', '2017-08-18 05:44:55'),
(12, 'Menyimpan user disperumkim', '2017-08-18 05:45:08'),
(12, 'Menyimpan user dinsos', '2017-08-18 05:45:22'),
(12, 'Menyimpan user disnakertrans', '2017-08-18 05:45:32'),
(12, 'Menyimpan user satpolpp', '2017-08-18 05:45:57'),
(12, 'Menyimpan user kesbangpol', '2017-08-18 05:45:58'),
(12, 'Menyimpan user dishub', '2017-08-18 05:46:28'),
(12, 'Menyimpan user kecamatan bogor timur', '2017-08-18 05:46:48'),
(12, 'Menyimpan user kecbosel', '2017-08-18 05:47:01'),
(12, 'Menyimpan user dpmptsp', '2017-08-18 05:47:19'),
(12, 'Menyimpan user bjb', '2017-08-18 05:47:34'),
(12, 'Menyimpan user dinkes', '2017-08-18 05:47:44'),
(12, 'Menyimpan user dkumkm', '2017-08-18 05:48:16'),
(12, 'Menyimpan user bapenda', '2017-08-18 05:48:38'),
(12, 'Menyimpan user disperindag', '2017-08-18 05:48:52'),
(12, 'Menyimpan user kecamatan tanah sareal', '2017-08-18 05:49:17'),
(12, 'Menyimpan user kecbobar', '2017-08-18 05:49:19'),
(12, 'Menyimpan user dlh', '2017-08-18 05:49:46'),
(12, 'Menyimpan user disdukcapil', '2017-08-18 05:49:53'),
(12, 'Menyimpan user disparbud', '2017-08-18 05:50:09'),
(12, 'Menyimpan user kecbout', '2017-08-18 05:50:21'),
(12, 'Menyimpan user disdik', '2017-08-18 05:50:39'),
(12, 'Menyimpan user kecboteng', '2017-08-18 05:50:44'),
(12, 'Logout administrator', '2017-08-18 05:51:14'),
(12, 'Logout administrator', '2017-08-18 05:51:20'),
(25, 'Login administrator', '2017-08-18 06:36:31'),
(25, 'Logout administrator', '2017-08-18 06:36:35'),
(25, 'Login administrator', '2017-08-18 06:37:46'),
(25, 'Login administrator', '2017-08-18 06:41:35'),
(25, 'Menyimpan Galeri Foto tes', '2017-08-18 07:19:54'),
(25, 'Menghapus data dari tabel inovasi dengan id 14', '2017-08-18 07:20:09'),
(25, 'Logout administrator', '2017-08-18 07:23:18'),
(15, 'Login administrator', '2017-08-18 07:23:26'),
(15, 'Logout administrator', '2017-08-18 07:23:37'),
(15, 'Login administrator', '2017-08-18 07:23:55'),
(15, 'Logout administrator', '2017-08-18 07:35:23'),
(25, 'Login administrator', '2017-08-18 07:35:33'),
(25, 'Logout administrator', '2017-08-18 07:43:11'),
(15, 'Login administrator', '2017-08-18 07:43:16'),
(15, 'Logout administrator', '2017-08-18 08:02:27'),
(15, 'Login administrator', '2017-08-19 07:09:24'),
(15, 'Logout administrator', '2017-08-19 07:11:36'),
(15, 'Login administrator', '2017-08-19 07:18:10'),
(15, 'Login administrator', '2017-08-19 07:23:34'),
(15, 'Login administrator', '2017-08-19 08:10:48'),
(15, 'Login administrator', '2017-08-19 08:13:27'),
(39, 'Login administrator', '2017-08-20 21:09:00'),
(30, 'Login administrator', '2017-08-20 21:10:09'),
(30, 'Login administrator', '2017-08-20 21:10:51'),
(30, 'Login administrator', '2017-08-20 21:10:51'),
(30, 'Login administrator', '2017-08-20 21:10:52'),
(30, 'Login administrator', '2017-08-20 21:11:15'),
(30, 'Login administrator', '2017-08-20 21:13:21'),
(48, 'Login administrator', '2017-08-20 21:30:58'),
(39, 'Login administrator', '2017-08-20 21:31:46'),
(48, 'Logout administrator', '2017-08-20 21:32:15'),
(50, 'Login administrator', '2017-08-20 21:37:32'),
(39, 'Menyimpan Galeri Foto Digital signature SMART (Tanda tangan digital)', '2017-08-20 21:40:13'),
(39, 'Menyimpan user 15', '2017-08-20 21:40:44'),
(39, 'Logout administrator', '2017-08-20 21:42:19'),
(48, 'Login administrator', '2017-08-20 21:42:31'),
(48, 'Logout administrator', '2017-08-20 21:42:57'),
(49, 'Login administrator', '2017-08-20 21:48:27'),
(30, 'Login administrator', '2017-08-20 21:48:53'),
(50, 'Menyimpan Galeri Foto LanpiD', '2017-08-20 22:25:16'),
(30, 'Logout administrator', '2017-08-20 22:26:39'),
(50, 'Menyimpan user 16', '2017-08-20 22:27:23'),
(49, 'Menyimpan Galeri Foto BOGOR CITY e-Toorism', '2017-08-20 22:31:36'),
(49, 'Menyimpan user 17', '2017-08-20 22:32:04'),
(49, 'Logout administrator', '2017-08-20 22:32:18'),
(12, 'Login administrator', '2017-08-20 22:56:30'),
(12, 'Menghapus data dari tabel opd dengan id 14', '2017-08-20 22:57:05'),
(12, 'Menghapus data dari tabel opd dengan id 14', '2017-08-20 22:57:55'),
(12, 'Logout administrator', '2017-08-20 22:58:18'),
(51, 'Login administrator', '2017-08-20 23:00:01'),
(35, 'Login administrator', '2017-08-20 23:31:48'),
(35, 'Logout administrator', '2017-08-20 23:33:45'),
(30, 'Login administrator', '2017-08-20 23:47:30'),
(12, 'Login administrator', '2017-08-20 23:51:07'),
(30, 'Logout administrator', '2017-08-21 00:00:45'),
(12, 'Login administrator', '2017-08-21 00:00:53'),
(41, 'Login administrator', '2017-08-21 00:09:44'),
(12, 'Logout administrator', '2017-08-21 00:12:18'),
(30, 'Login administrator', '2017-08-21 00:12:35'),
(30, 'Logout administrator', '2017-08-21 00:13:05'),
(12, 'Login administrator', '2017-08-21 00:13:09'),
(12, 'Logout administrator', '2017-08-21 00:13:18'),
(30, 'Login administrator', '2017-08-21 00:13:23'),
(30, 'Logout administrator', '2017-08-21 00:13:48'),
(12, 'Login administrator', '2017-08-21 00:13:56'),
(12, 'Logout administrator', '2017-08-21 00:14:04'),
(30, 'Login administrator', '2017-08-21 00:14:09'),
(30, 'Logout administrator', '2017-08-21 00:17:37'),
(30, 'Login administrator', '2017-08-21 00:17:44'),
(30, 'Menyimpan Galeri Foto asd', '2017-08-21 00:20:05'),
(41, 'Menyimpan Galeri Foto e-SIR', '2017-08-21 00:23:21'),
(30, 'Logout administrator', '2017-08-21 01:10:29'),
(12, 'Login administrator', '2017-08-21 01:10:33'),
(12, 'Logout administrator', '2017-08-21 01:24:20'),
(51, 'Login administrator', '2017-08-21 01:27:22'),
(12, 'Login administrator', '2017-08-21 01:27:24'),
(12, 'Logout administrator', '2017-08-21 01:29:05'),
(30, 'Login administrator', '2017-08-21 01:29:15'),
(30, 'Logout administrator', '2017-08-21 01:30:35'),
(30, 'Login administrator', '2017-08-21 01:30:41'),
(30, 'Logout administrator', '2017-08-21 01:30:46'),
(12, 'Logout administrator', '2017-08-21 01:38:44'),
(30, 'Login administrator', '2017-08-21 01:38:57'),
(51, 'Login administrator', '2017-08-21 01:40:56'),
(51, 'Menyimpan Galeri Foto Sistem informasi rencana kegitan anggota sekolah', '2017-08-21 02:26:16'),
(51, 'Menyimpan user 20', '2017-08-21 02:26:39'),
(18, 'Login administrator', '2017-08-21 02:51:00'),
(18, 'Edit profile', '2017-08-21 02:52:23'),
(18, 'Logout administrator', '2017-08-21 02:55:20'),
(30, 'Logout administrator', '2017-08-21 03:10:58'),
(12, 'Login administrator', '2017-08-21 03:11:03'),
(51, 'Menyimpan Galeri Foto SIPERI ( Sistem pengendalian Rekomendasi izin ', '2017-08-21 03:49:58'),
(51, 'Menyimpan user 21', '2017-08-21 03:50:22'),
(51, 'Logout administrator', '2017-08-21 03:50:28'),
(51, 'Login administrator', '2017-08-21 03:52:46'),
(51, 'Logout administrator', '2017-08-21 03:53:31'),
(12, 'Login administrator', '2017-08-21 20:04:24'),
(12, 'Logout administrator', '2017-08-21 20:04:29'),
(12, 'Login administrator', '2017-08-21 20:04:39'),
(12, 'Mengupdate user dishub', '2017-08-21 20:04:57'),
(12, 'Logout administrator', '2017-08-21 20:05:30'),
(15, 'Login administrator', '2017-08-21 20:05:51'),
(15, 'Logout administrator', '2017-08-21 20:14:58'),
(12, 'Login administrator', '2017-08-21 20:15:04'),
(12, 'Menghapus data dari tabel inovasi dengan id 18', '2017-08-21 20:24:05'),
(12, 'Menghapus data dari tabel inovasi dengan id 5', '2017-08-21 20:25:17'),
(12, 'Menghapus data dari tabel inovasi dengan id 4', '2017-08-21 20:25:33'),
(12, 'Logout administrator', '2017-08-21 20:33:23'),
(15, 'Login administrator', '2017-08-21 20:33:28'),
(15, 'Logout administrator', '2017-08-21 20:34:29'),
(12, 'Login administrator', '2017-08-21 20:34:34'),
(12, 'Logout administrator', '2017-08-21 20:36:29'),
(15, 'Login administrator', '2017-08-21 20:57:19'),
(15, 'Mengupdate user 12', '2017-08-21 20:57:34'),
(15, 'Logout administrator', '2017-08-21 20:58:32'),
(15, 'Login administrator', '2017-08-21 20:58:36'),
(15, 'Mengupdate user 12', '2017-08-21 21:01:13'),
(30, 'Login administrator', '2017-08-21 21:10:50'),
(35, 'Login administrator', '2017-08-21 21:47:03'),
(35, 'Edit profile', '2017-08-21 21:47:45'),
(35, 'Edit profile', '2017-08-21 21:49:50'),
(35, 'Logout administrator', '2017-08-21 21:49:53'),
(49, 'Login administrator', '2017-08-21 22:15:59'),
(49, 'Logout administrator', '2017-08-21 22:16:09'),
(41, 'Login administrator', '2017-08-21 22:16:45'),
(26, 'Login administrator', '2017-08-21 22:20:27'),
(26, 'Menyimpan Galeri Foto Regular Desludging (Penyedotan Lumpur Tinja Terjadwal)', '2017-08-21 22:40:21'),
(26, 'Logout administrator', '2017-08-21 22:41:09'),
(15, 'Login administrator', '2017-08-22 05:42:53'),
(15, 'Mengupdate user 12', '2017-08-22 05:51:31'),
(15, 'Mengupdate user 12', '2017-08-22 05:51:41'),
(15, 'Mengupdate user 12', '2017-08-22 05:58:25'),
(15, 'Mengupdate user 12', '2017-08-22 06:01:25'),
(15, 'Mengupdate user 12', '2017-08-22 06:05:59'),
(15, 'Mengupdate user 12', '2017-08-22 06:06:52'),
(15, 'Mengupdate user 12', '2017-08-22 06:07:58'),
(15, 'Mengupdate user 12', '2017-08-22 06:08:05'),
(15, 'Menyimpan Galeri Foto a', '2017-08-22 06:09:41'),
(15, 'Menyimpan user 23', '2017-08-22 06:10:05'),
(15, 'Menghapus data dari tabel perkembangan dengan id 27', '2017-08-22 06:11:33'),
(15, 'Menyimpan user 23', '2017-08-22 06:11:59'),
(15, 'Mengupdate user 23', '2017-08-22 06:15:49'),
(15, 'Mengupdate user ', '2017-08-22 06:16:00'),
(15, 'Mengupdate user 23', '2017-08-22 06:16:55'),
(15, 'Mengupdate user 23', '2017-08-22 06:17:36'),
(15, 'Mengupdate user 23', '2017-08-22 06:18:34'),
(15, 'Mengupdate user 23', '2017-08-22 06:28:39'),
(15, 'Mengupdate user 23', '2017-08-22 06:30:27'),
(15, 'Mengupdate user 23', '2017-08-22 06:30:32'),
(15, 'Mengupdate user 23', '2017-08-22 06:32:17'),
(15, 'Mengupdate user 23', '2017-08-22 06:32:23'),
(15, 'Mengupdate user 23', '2017-08-22 06:34:42'),
(15, 'Mengupdate user 23', '2017-08-22 06:35:24'),
(15, 'Mengupdate user 23', '2017-08-22 06:37:30'),
(15, 'Mengupdate user 23', '2017-08-22 06:38:03'),
(15, 'Mengupdate user 23', '2017-08-22 06:38:18'),
(15, 'Mengupdate user 23', '2017-08-22 07:02:27'),
(15, 'Logout administrator', '2017-08-22 08:17:28'),
(12, 'Login administrator', '2017-08-22 08:17:32'),
(12, 'Login administrator', '2017-08-22 02:12:31'),
(51, 'Login administrator', '2017-08-22 02:12:53'),
(51, 'Logout administrator', '2017-08-22 02:14:54'),
(41, 'Login administrator', '2017-08-22 02:15:01'),
(12, 'Login administrator', '2017-08-22 02:16:02'),
(12, 'Menyimpan user kominfo', '2017-08-22 02:17:28'),
(12, 'Logout administrator', '2017-08-22 02:17:32'),
(53, 'Login administrator', '2017-08-22 02:17:48'),
(41, 'Menyimpan Galeri Foto e-SIR Bogor Sehat', '2017-08-22 02:18:25'),
(53, 'Menyimpan Galeri Foto Belajar', '2017-08-22 02:18:29'),
(41, 'Menghapus data dari tabel inovasi dengan id 19', '2017-08-22 02:18:35'),
(41, 'Menyimpan user 24', '2017-08-22 02:18:56'),
(41, 'Menyimpan user 24', '2017-08-22 02:19:01'),
(53, 'Menyimpan user 25', '2017-08-22 02:19:12'),
(12, 'Login administrator', '2017-08-22 02:19:35'),
(53, 'Mengupdate user 25', '2017-08-22 02:20:13'),
(53, 'Mengupdate user 25', '2017-08-22 02:20:30'),
(51, 'Login administrator', '2017-08-22 02:20:37'),
(53, 'Mengupdate user 25', '2017-08-22 02:20:41'),
(51, 'Logout administrator', '2017-08-22 02:20:58'),
(41, 'Login administrator', '2017-08-22 02:21:31'),
(41, 'Menghapus data dari tabel perkembangan dengan id 29', '2017-08-22 02:22:13'),
(41, 'Menghapus data dari tabel perkembangan dengan id 30', '2017-08-22 02:22:23'),
(41, 'Logout administrator', '2017-08-22 02:22:32'),
(12, 'Logout administrator', '2017-08-22 02:25:31'),
(53, 'Logout administrator', '2017-08-22 02:25:35'),
(41, 'Login administrator', '2017-08-22 02:26:25'),
(12, 'Login administrator', '2017-08-22 02:26:58'),
(12, 'Logout administrator', '2017-08-22 02:27:19'),
(41, 'Menyimpan Galeri Foto Simpus', '2017-08-22 02:32:20'),
(41, 'Menyimpan user 26', '2017-08-22 02:33:11'),
(41, 'Logout administrator', '2017-08-22 02:33:35'),
(48, 'Login administrator', '2017-08-22 02:33:50'),
(48, 'Menyimpan Galeri Foto SITANDUK (Sistem informasi data administrasi kependudukan)', '2017-08-22 02:35:14'),
(12, 'Logout administrator', '2017-08-22 02:35:46'),
(15, 'Login administrator', '2017-08-22 02:35:51'),
(15, 'Menghapus data dari tabel inovasi dengan id 23', '2017-08-22 02:35:56'),
(15, 'Logout administrator', '2017-08-22 02:40:07'),
(12, 'Login administrator', '2017-08-22 02:40:12'),
(48, 'Menyimpan user 27', '2017-08-22 02:43:05'),
(48, 'Logout administrator', '2017-08-22 02:43:16'),
(44, 'Login administrator', '2017-08-22 02:43:51'),
(44, 'Menyimpan Galeri Foto SIML ', '2017-08-22 02:45:51'),
(44, 'Menyimpan user 28', '2017-08-22 02:46:34'),
(44, 'Logout administrator', '2017-08-22 02:46:36'),
(22, 'Login administrator', '2017-08-22 02:47:21'),
(22, 'Menyimpan Galeri Foto Semi real time bog data ', '2017-08-22 03:18:54'),
(22, 'Menyimpan user 29', '2017-08-22 03:19:19'),
(22, 'Logout administrator', '2017-08-22 03:19:22'),
(41, 'Login administrator', '2017-08-22 03:36:15'),
(41, 'Mengupdate user 26', '2017-08-22 03:37:05'),
(41, 'Logout administrator', '2017-08-22 03:37:22'),
(41, 'Login administrator', '2017-08-22 03:37:25'),
(41, 'Mengubah Galeri Simpus', '2017-08-22 03:37:51'),
(41, 'Logout administrator', '2017-08-22 03:38:36'),
(12, 'Login administrator', '2017-08-22 03:38:41'),
(12, 'Login administrator', '2017-08-22 03:53:59'),
(12, 'Logout administrator', '2017-08-22 03:54:38'),
(15, 'Login administrator', '2017-08-22 03:54:43'),
(12, 'Login administrator', '2017-08-22 04:04:27'),
(15, 'Logout administrator', '2017-08-22 04:59:46'),
(12, 'Login administrator', '2017-08-22 05:33:44'),
(12, 'Menghapus data dari tabel perkembangan dengan id 31', '2017-08-22 05:35:04'),
(32, 'Login administrator', '2017-08-22 20:33:17'),
(32, 'Edit profile', '2017-08-22 20:34:55'),
(32, 'Edit profile', '2017-08-22 20:35:00'),
(12, 'Login administrator', '2017-08-28 20:49:13'),
(12, 'Login administrator', '2017-08-28 21:50:02'),
(12, 'Logout administrator', '2017-08-28 21:56:51'),
(12, 'Login administrator', '2017-08-28 21:57:22'),
(44, 'Login administrator', '2017-08-28 21:58:37'),
(44, 'Logout administrator', '2017-08-28 21:58:58'),
(52, 'Login administrator', '2017-08-28 21:59:38'),
(12, 'Logout administrator', '2017-08-28 22:02:31'),
(13, 'Login administrator', '2017-08-28 22:02:37'),
(13, 'Mengupdate user 11', '2017-08-28 22:03:42'),
(13, 'Mengupdate user 11', '2017-08-28 22:03:56'),
(13, 'Mengupdate user 9', '2017-08-28 22:05:00'),
(13, 'Mengupdate user 8', '2017-08-28 22:05:09'),
(13, 'Logout administrator', '2017-08-28 22:05:16'),
(15, 'Login administrator', '2017-08-28 22:05:24'),
(15, 'Mengupdate user 12', '2017-08-28 22:05:48'),
(15, 'Logout administrator', '2017-08-28 22:05:52'),
(39, 'Login administrator', '2017-08-28 22:06:09'),
(39, 'Mengupdate user 15', '2017-08-28 22:06:34'),
(39, 'Logout administrator', '2017-08-28 22:06:44'),
(50, 'Login administrator', '2017-08-28 22:06:58'),
(50, 'Mengupdate user 16', '2017-08-28 22:07:10'),
(50, 'Logout administrator', '2017-08-28 22:07:18'),
(49, 'Login administrator', '2017-08-28 22:07:39'),
(49, 'Mengupdate user 17', '2017-08-28 22:08:00'),
(49, 'Logout administrator', '2017-08-28 22:08:03'),
(51, 'Login administrator', '2017-08-28 22:08:18'),
(51, 'Mengupdate user 21', '2017-08-28 22:08:27'),
(51, 'Mengupdate user 21', '2017-08-28 22:08:32'),
(51, 'Logout administrator', '2017-08-28 22:08:35'),
(41, 'Login administrator', '2017-08-28 22:08:44'),
(41, 'Mengupdate user 26', '2017-08-28 22:09:02'),
(41, 'Logout administrator', '2017-08-28 22:09:09'),
(48, 'Login administrator', '2017-08-28 22:09:22'),
(48, 'Mengupdate user 27', '2017-08-28 22:09:31'),
(48, 'Logout administrator', '2017-08-28 22:09:33'),
(44, 'Login administrator', '2017-08-28 22:09:48'),
(44, 'Mengupdate user 28', '2017-08-28 22:10:10'),
(44, 'Logout administrator', '2017-08-28 22:10:27'),
(22, 'Login administrator', '2017-08-28 22:10:54'),
(22, 'Mengupdate user 29', '2017-08-28 22:11:05'),
(22, 'Logout administrator', '2017-08-28 22:11:07'),
(12, 'Login administrator', '2017-08-28 22:11:14'),
(52, 'Menyimpan Galeri Foto SISPEK (Sistem pelayanan kelurahan)', '2017-08-28 22:11:36'),
(52, 'Menyimpan user 30', '2017-08-28 22:12:33'),
(52, 'Logout administrator', '2017-08-28 22:12:44'),
(51, 'Login administrator', '2017-08-28 22:12:51'),
(51, 'Logout administrator', '2017-08-28 22:13:06'),
(48, 'Login administrator', '2017-08-28 22:13:55'),
(48, 'Logout administrator', '2017-08-28 22:14:00'),
(41, 'Login administrator', '2017-08-28 22:22:08'),
(41, 'Logout administrator', '2017-08-28 22:22:24'),
(44, 'Login administrator', '2017-08-28 22:22:35'),
(44, 'Logout administrator', '2017-08-28 22:22:46'),
(22, 'Login administrator', '2017-08-28 22:22:53'),
(11, 'Login administrator', '2017-08-28 22:30:30'),
(12, 'Logout administrator', '2017-08-28 22:54:18'),
(13, 'Login administrator', '2017-08-28 22:54:41'),
(13, 'Mengupdate user 11', '2017-08-28 22:58:48'),
(13, 'Logout administrator', '2017-08-28 22:59:19'),
(12, 'Login administrator', '2017-08-28 23:02:03'),
(22, 'Login administrator', '2017-08-28 23:11:05'),
(22, 'Menyimpan Galeri Foto Sistem Informasi Perencanaan Pemanfaatan dan Pengendalian Ruang (SIP3R)', '2017-08-28 23:18:16'),
(22, 'Menyimpan user 31', '2017-08-28 23:20:00'),
(12, 'Login administrator', '2017-08-29 01:43:53'),
(12, 'Logout administrator', '2017-08-29 02:03:06'),
(12, 'Login administrator', '2017-08-29 02:20:21'),
(12, 'Menghapus data dari tabel inovasi dengan id 25', '2017-08-29 02:21:02'),
(12, 'Login administrator', '2017-08-29 02:39:08'),
(12, 'Login administrator', '2017-08-29 05:10:58'),
(12, 'Login administrator', '2017-08-30 03:03:16'),
(12, 'Logout administrator', '2017-08-30 03:05:47'),
(15, 'Login administrator', '2017-08-30 03:05:51'),
(15, 'Logout administrator', '2017-08-30 04:15:11'),
(21, 'Login administrator', '2017-09-03 22:39:10'),
(21, 'Logout administrator', '2017-09-03 23:08:44'),
(21, 'Login administrator', '2017-09-03 23:11:44'),
(21, 'Login administrator', '2017-09-03 23:52:46'),
(21, 'Logout administrator', '2017-09-03 23:53:13'),
(12, 'Login administrator', '2017-09-03 23:53:19'),
(12, 'Logout administrator', '2017-09-03 23:53:49'),
(13, 'Login administrator', '2017-09-03 23:54:04'),
(13, 'Logout administrator', '2017-09-03 23:55:45'),
(15, 'Login administrator', '2017-09-03 23:55:52'),
(15, 'Logout administrator', '2017-09-03 23:56:07'),
(41, 'Login administrator', '2017-09-03 23:56:18'),
(41, 'Logout administrator', '2017-09-03 23:57:06'),
(43, 'Login administrator', '2017-09-03 23:57:11'),
(43, 'Logout administrator', '2017-09-03 23:57:14'),
(22, 'Login administrator', '2017-09-03 23:57:18'),
(22, 'Logout administrator', '2017-09-03 23:57:45'),
(21, 'Login administrator', '2017-09-03 23:57:52'),
(21, 'Edit profile', '2017-09-03 23:58:13'),
(21, 'Edit profile', '2017-09-03 23:58:27'),
(21, 'Login administrator', '2017-09-04 00:26:46'),
(21, 'Logout administrator', '2017-09-04 00:35:17'),
(21, 'Logout administrator', '2017-09-04 00:53:52'),
(21, 'Login administrator', '2017-09-04 01:34:56'),
(21, 'Logout administrator', '2017-09-04 01:37:57'),
(21, 'Login administrator', '2017-09-04 02:23:59'),
(21, 'Login administrator', '2017-09-04 20:25:24'),
(21, 'Login administrator', '2017-09-05 03:03:53'),
(21, 'Logout administrator', '2017-09-05 03:05:58'),
(21, 'Login administrator', '2017-09-05 03:16:21'),
(21, 'Logout administrator', '2017-09-05 03:35:59'),
(12, 'Login administrator', '2017-09-05 03:57:35'),
(12, 'Login administrator', '2017-09-05 20:40:03'),
(13, 'Login administrator', '2017-09-05 20:40:33'),
(12, 'Login administrator', '2017-09-05 21:37:27'),
(12, 'Logout administrator', '2017-09-05 21:39:59'),
(13, 'Login administrator', '2017-09-05 21:40:04'),
(13, 'Login administrator', '2017-09-05 22:51:50'),
(12, 'Login administrator', '2017-09-05 22:55:41'),
(13, 'Login administrator', '2017-09-05 22:59:29'),
(13, 'Login administrator', '2017-09-05 23:00:01'),
(12, 'Login administrator', '2017-09-05 23:32:46'),
(12, 'Logout administrator', '2017-09-05 23:38:25'),
(13, 'Login administrator', '2017-09-05 23:38:30'),
(13, 'Mengupdate user 11', '2017-09-05 23:39:18'),
(13, 'Logout administrator', '2017-09-05 23:42:09'),
(47, 'Login administrator', '2017-09-06 00:54:47'),
(12, 'Login administrator', '2017-09-06 01:44:55'),
(47, 'Login administrator', '2017-09-06 02:25:42'),
(12, 'Logout administrator', '2017-09-06 02:58:40'),
(13, 'Login administrator', '2017-09-06 02:58:45'),
(47, 'Login administrator', '2017-09-06 03:11:50'),
(12, 'Login administrator', '2017-09-06 03:20:07'),
(12, 'Logout administrator', '2017-09-06 04:16:54'),
(12, 'Login administrator', '2017-09-06 04:17:08'),
(12, 'Logout administrator', '2017-09-06 04:17:20'),
(12, 'Login administrator', '2017-09-06 04:26:21'),
(12, 'Login administrator', '2017-09-06 20:05:44'),
(12, 'Logout administrator', '2017-09-06 20:08:32'),
(13, 'Login administrator', '2017-09-06 20:08:37'),
(13, 'Logout administrator', '2017-09-06 20:09:27'),
(12, 'Login administrator', '2017-09-06 20:09:31'),
(12, 'Logout administrator', '2017-09-06 20:14:13'),
(51, 'Login administrator', '2017-09-06 20:14:22'),
(51, 'Menghapus data dari tabel perkembangan dengan id 25', '2017-09-06 20:14:34'),
(51, 'Logout administrator', '2017-09-06 20:20:53'),
(12, 'Login administrator', '2017-09-06 20:20:59'),
(13, 'Login administrator', '2017-09-06 22:34:56'),
(13, 'Login administrator', '2017-09-06 22:37:27'),
(13, 'Login administrator', '2017-09-06 22:37:46'),
(13, 'Menyimpan Galeri Foto Portal Satu Data', '2017-09-06 22:42:01'),
(13, 'Menyimpan user 32', '2017-09-06 22:43:15'),
(13, 'Mengupdate user 32', '2017-09-06 22:43:43'),
(13, 'Logout administrator', '2017-09-06 22:44:05'),
(12, 'Login administrator', '2017-09-06 22:44:19'),
(12, 'Login administrator', '2017-09-06 22:49:38'),
(12, 'Login administrator', '2017-09-07 00:05:18'),
(12, 'Mengupdate user bapenda', '2017-09-07 00:06:11'),
(12, 'Logout administrator', '2017-09-07 00:06:15'),
(43, 'Login administrator', '2017-09-07 00:06:21'),
(43, 'Logout administrator', '2017-09-07 00:07:27'),
(12, 'Login administrator', '2017-09-07 02:37:27'),
(12, 'Mengupdate user disnakertrans', '2017-09-07 02:37:58'),
(12, 'Logout administrator', '2017-09-07 02:38:08'),
(33, 'Login administrator', '2017-09-07 02:38:15'),
(33, 'Logout administrator', '2017-09-07 02:38:19'),
(33, 'Login administrator', '2017-09-07 02:38:43'),
(33, 'Menyimpan Galeri Foto Pencari kerja onllen kota bogor', '2017-09-07 02:59:50'),
(12, 'Login administrator', '2017-09-07 04:04:47'),
(12, 'Mengupdate user kecbout', '2017-09-07 04:06:05'),
(12, 'Logout administrator', '2017-09-07 04:06:09'),
(50, 'Login administrator', '2017-09-07 04:06:20'),
(50, 'Login administrator', '2017-09-07 04:12:07'),
(50, 'Mengubah Galeri LaMPiD', '2017-09-07 04:26:18'),
(50, 'Login administrator', '2017-09-07 23:08:14'),
(50, 'Menyimpan Galeri Foto PATEN', '2017-09-07 23:46:16'),
(50, 'Mengubah Galeri PATEN', '2017-09-07 23:56:38'),
(50, 'Menyimpan user 34', '2017-09-08 00:09:19'),
(50, 'Menyimpan user 16', '2017-09-08 00:09:38'),
(50, 'Mengupdate user 34', '2017-09-08 00:11:21'),
(50, 'Menyimpan user 16', '2017-09-08 00:11:38'),
(50, 'Menghapus data dari tabel perkembangan dengan id 23', '2017-09-08 00:11:47'),
(50, 'Menghapus data dari tabel perkembangan dengan id 40', '2017-09-08 00:11:56'),
(50, 'Edit profile', '2017-09-08 00:13:06'),
(50, 'Edit profile', '2017-09-08 01:12:14'),
(15, 'Login administrator', '2017-09-08 01:18:13'),
(51, 'Login administrator', '2017-09-10 21:31:07'),
(51, 'Mengubah Galeri SIRKAS (Sistem informasi rencana kegitan anggota sekolah) ', '2017-09-10 21:33:06'),
(13, 'Login administrator', '2017-09-10 22:06:48'),
(13, 'Logout administrator', '2017-09-10 22:08:49'),
(12, 'Login administrator', '2017-09-10 22:10:42'),
(12, 'Login administrator', '2017-09-10 22:12:23'),
(12, 'Logout administrator', '2017-09-10 22:14:22'),
(12, 'Logout administrator', '2017-09-10 22:18:05'),
(12, 'Login administrator', '2017-09-10 22:51:30'),
(12, 'Logout administrator', '2017-09-10 23:13:14'),
(12, 'Login administrator', '2017-09-11 01:36:31'),
(12, 'Logout administrator', '2017-09-11 02:00:24'),
(12, 'Login administrator', '2017-09-11 20:12:14'),
(12, 'Logout administrator', '2017-09-11 20:12:52'),
(51, 'Login administrator', '2017-09-12 04:29:00'),
(51, 'Menyimpan Galeri Foto SIlak', '2017-09-12 04:32:45'),
(50, 'Login administrator', '2017-09-13 01:19:13'),
(50, 'Login administrator', '2017-09-13 01:54:08'),
(50, 'Edit profile', '2017-09-13 02:14:14'),
(50, 'Mengubah Galeri LaMPiD', '2017-09-13 02:56:51'),
(50, 'Mengubah Galeri PATEN', '2017-09-13 03:03:04'),
(50, 'Menyimpan Galeri Foto PR2', '2017-09-13 03:13:14'),
(50, 'Menyimpan user 36', '2017-09-13 03:18:09'),
(12, 'Login administrator', '2017-09-13 04:24:10'),
(12, 'Logout administrator', '2017-09-13 04:25:26'),
(12, 'Login administrator', '2017-09-13 20:31:34'),
(12, 'Logout administrator', '2017-09-13 20:32:12'),
(25, 'Login administrator', '2017-09-13 20:32:24'),
(25, 'Logout administrator', '2017-09-13 20:33:05'),
(12, 'Login administrator', '2017-09-13 20:33:12'),
(12, 'Mengupdate user bapenda', '2017-09-13 20:40:44'),
(12, 'Logout administrator', '2017-09-13 20:40:48'),
(43, 'Login administrator', '2017-09-13 20:40:56'),
(43, 'Logout administrator', '2017-09-13 21:31:48'),
(12, 'Login administrator', '2017-09-13 21:33:44'),
(12, 'Mengupdate user bappeda', '2017-09-13 21:38:59'),
(12, 'Logout administrator', '2017-09-13 21:39:02'),
(22, 'Login administrator', '2017-09-13 21:39:14'),
(22, 'Logout administrator', '2017-09-13 21:39:22'),
(12, 'Login administrator', '2017-09-13 21:40:05'),
(12, 'Mengupdate user kecbobar', '2017-09-13 21:47:18'),
(46, 'Login administrator', '2017-09-13 21:47:28'),
(15, 'Login administrator', '2017-09-13 22:32:17'),
(15, 'Menyimpan Galeri Foto a', '2017-09-13 22:32:33'),
(15, 'Menyimpan user 37', '2017-09-13 22:32:42'),
(15, 'Menghapus data dari tabel perkembangan dengan id 43', '2017-09-13 22:32:46'),
(15, 'Menghapus data dari tabel inovasi dengan id 37', '2017-09-13 22:32:52'),
(15, 'Logout administrator', '2017-09-13 22:32:55'),
(46, 'Logout administrator', '2017-09-13 22:33:12'),
(43, 'Login administrator', '2017-09-13 22:33:21'),
(43, 'Login administrator', '2017-09-13 22:33:23'),
(43, 'Menyimpan Galeri Foto a', '2017-09-13 22:33:31'),
(43, 'Menyimpan user 38', '2017-09-13 22:33:40'),
(43, 'Logout administrator', '2017-09-13 22:34:04'),
(50, 'Login administrator', '2017-09-13 22:34:10'),
(50, 'Logout administrator', '2017-09-13 22:34:20'),
(12, 'Login administrator', '2017-09-13 22:34:25'),
(12, 'Logout administrator', '2017-09-13 22:35:15'),
(43, 'Login administrator', '2017-09-13 22:36:17'),
(43, 'Menyimpan Galeri Foto asd', '2017-09-13 22:36:31'),
(43, 'Mengubah Galeri asd', '2017-09-13 22:38:30'),
(43, 'Menyimpan Galeri Foto Sistem Informasi Pajak Daerah Online', '2017-09-13 22:39:18'),
(43, 'Menghapus data dari tabel inovasi dengan id 38', '2017-09-13 22:39:32'),
(43, 'Menghapus data dari tabel inovasi dengan id 39', '2017-09-13 22:39:34'),
(43, 'Logout administrator', '2017-09-13 22:41:41'),
(46, 'Login administrator', '2017-09-13 22:41:50'),
(46, 'Menyimpan Galeri Foto SIMPENAN (Sistem Informasi Manajemen Pelayanan Administrasi)', '2017-09-13 22:58:18'),
(46, 'Menyimpan user 41', '2017-09-13 22:58:56'),
(46, 'Logout administrator', '2017-09-13 22:59:02'),
(43, 'Login administrator', '2017-09-13 22:59:31'),
(43, 'Menyimpan user 40', '2017-09-13 22:59:43'),
(43, 'Logout administrator', '2017-09-13 22:59:45'),
(12, 'Login administrator', '2017-09-14 02:45:03'),
(12, 'Logout administrator', '2017-09-14 02:45:09'),
(12, 'Login administrator', '2017-09-14 02:45:13'),
(12, 'Mengupdate user dinkes', '2017-09-14 02:45:28'),
(41, 'Login administrator', '2017-09-14 02:45:34'),
(41, 'Logout administrator', '2017-09-14 02:45:51'),
(12, 'Login administrator', '2017-09-14 03:22:29'),
(12, 'Menyimpan user HIPMI', '2017-09-14 03:24:29'),
(12, 'Logout administrator', '2017-09-14 03:24:32'),
(54, 'Login administrator', '2017-09-14 03:24:40'),
(54, 'Logout administrator', '2017-09-14 03:30:40'),
(12, 'Logout administrator', '2017-09-14 03:54:36'),
(22, 'Login administrator', '2017-09-14 21:31:09'),
(22, 'Menyimpan Galeri Foto Pemanfaatan Dana CSR bagi Angkot Wisata Kota Bogor', '2017-09-14 21:48:52'),
(22, 'Logout administrator', '2017-09-14 23:27:09'),
(21, 'Login administrator', '2017-09-15 01:33:29'),
(21, 'Menyimpan Galeri Foto SIMDA', '2017-09-15 01:58:07'),
(21, 'Menyimpan Galeri Foto SIMABADA', '2017-09-15 02:40:46'),
(21, 'Logout administrator', '2017-09-15 03:10:38'),
(12, 'Login administrator', '2017-09-18 01:49:45'),
(12, 'Logout administrator', '2017-09-18 01:50:33'),
(13, 'Login administrator', '2017-09-18 01:50:38'),
(13, 'Menghapus data dari tabel perkembangan dengan id 38', '2017-09-18 01:51:03'),
(13, 'Menghapus data dari tabel inovasi dengan id 32', '2017-09-18 01:51:12'),
(13, 'Logout administrator', '2017-09-18 01:51:30'),
(25, 'Login administrator', '2017-09-18 01:51:40'),
(25, 'Menyimpan Galeri Foto Portal Satu Data ', '2017-09-18 01:55:33'),
(25, 'Menyimpan user 45', '2017-09-18 01:55:45'),
(25, 'Logout administrator', '2017-09-18 01:55:48'),
(15, 'Login administrator', '2017-09-22 01:47:39'),
(15, 'Logout administrator', '2017-09-22 01:51:53'),
(12, 'Login administrator', '2017-09-22 01:52:12'),
(12, 'Logout administrator', '2017-09-22 01:57:27'),
(12, 'Login administrator', '2017-09-22 05:08:13'),
(12, 'Login administrator', '2017-09-24 21:29:29'),
(15, 'Login administrator', '2017-09-24 21:37:15'),
(15, 'Logout administrator', '2017-09-24 21:37:39'),
(21, 'Login administrator', '2017-09-24 21:52:53'),
(21, 'Menyimpan user 44', '2017-09-24 21:53:33'),
(21, 'Menyimpan user 43', '2017-09-24 21:53:41'),
(21, 'Logout administrator', '2017-09-24 21:53:45'),
(13, 'Login administrator', '2017-09-24 21:53:55'),
(13, 'Logout administrator', '2017-09-24 21:54:09'),
(12, 'Login administrator', '2017-09-24 22:05:04'),
(12, 'Login administrator', '2017-09-24 22:07:48'),
(12, 'Logout administrator', '2017-09-24 22:41:57'),
(12, 'Logout administrator', '2017-09-24 23:05:22'),
(15, 'Login administrator', '2017-09-24 23:05:26'),
(15, 'Logout administrator', '2017-09-24 23:06:18'),
(12, 'Login administrator', '2017-09-24 23:06:23'),
(12, 'Logout administrator', '2017-09-24 23:10:35'),
(12, 'Login administrator', '2017-09-24 23:10:39'),
(12, 'Mengupdate user HIPMI', '2017-09-24 23:12:18'),
(12, 'Logout administrator', '2017-09-24 23:12:27'),
(12, 'Login administrator', '2017-09-24 23:12:33'),
(12, 'Mengupdate user bahu', '2017-09-24 23:12:53'),
(12, 'Logout administrator', '2017-09-24 23:12:55'),
(11, 'Login administrator', '2017-09-24 23:13:01'),
(11, 'Logout administrator', '2017-09-24 23:14:15'),
(12, 'Login administrator', '2017-09-25 03:25:25'),
(12, 'Logout administrator', '2017-09-25 03:25:40'),
(11, 'Login administrator', '2017-09-25 03:25:45'),
(11, 'Logout administrator', '2017-09-25 03:26:02'),
(51, 'Login administrator', '2017-09-25 20:16:56'),
(51, 'Mengubah Galeri SIRKAS (Sistem informasi rencana anggaran kegiatan  sekolah) ', '2017-09-25 20:27:18'),
(12, 'Login administrator', '2017-09-25 22:16:25'),
(12, 'Login administrator', '2017-09-27 00:03:10'),
(12, 'Menyimpan user PDAM', '2017-09-27 00:04:13'),
(12, 'Mengupdate user bjb', '2017-09-27 00:06:02'),
(12, 'Menyimpan user PD PASAR', '2017-09-27 00:07:08'),
(12, 'Menyimpan user Institut Pertanian Bogor', '2017-09-27 00:09:19'),
(12, 'Menyimpan user SMP NEGERI 1', '2017-09-27 00:09:59'),
(12, 'Menyimpan user Forum Kota Sehat', '2017-09-27 00:16:25'),
(12, 'Menyimpan user Dinas Pengendalian Penduduk dan Keluarga Berencana', '2017-09-27 00:17:05'),
(12, 'Menyimpan user Forum Karang Taruna', '2017-09-27 00:18:19'),
(59, 'Login administrator', '2017-09-27 01:05:25'),
(59, 'Edit profile', '2017-09-27 01:06:36'),
(59, 'Edit profile', '2017-09-27 01:07:52'),
(59, 'Menyimpan Galeri Foto Lavitrap', '2017-09-27 01:23:51'),
(59, 'Logout administrator', '2017-09-27 01:24:14'),
(12, 'Login administrator', '2017-09-27 06:16:06'),
(56, 'Login administrator', '2017-09-27 21:14:40'),
(56, 'Edit profile', '2017-09-27 21:16:25'),
(12, 'Login administrator', '2017-09-27 21:28:09'),
(12, 'Logout administrator', '2017-09-27 21:28:12'),
(57, 'Login administrator', '2017-09-27 21:29:20'),
(57, 'Logout administrator', '2017-09-27 21:29:22'),
(57, 'Login administrator', '2017-09-27 21:29:35'),
(57, 'Logout administrator', '2017-09-27 21:33:16'),
(57, 'Login administrator', '2017-09-27 21:33:20'),
(57, 'Logout administrator', '2017-09-27 21:34:02'),
(57, 'Login administrator', '2017-09-27 21:34:40'),
(57, 'Logout administrator', '2017-09-27 21:34:56'),
(12, 'Login administrator', '2017-09-27 21:42:35'),
(57, 'Login administrator', '2017-09-27 21:47:24'),
(57, 'Logout administrator', '2017-09-27 21:47:27'),
(12, 'Login administrator', '2017-09-27 21:47:30'),
(12, 'Logout administrator', '2017-09-27 21:51:05'),
(57, 'Login administrator', '2017-09-28 02:20:47'),
(15, 'Login administrator', '2017-10-02 03:21:55'),
(15, 'Login administrator', '2017-10-03 02:11:34'),
(25, 'Login administrator', '2017-10-03 02:26:15'),
(25, 'Logout administrator', '2017-10-03 02:42:09'),
(15, 'Login administrator', '2017-10-03 09:06:24'),
(12, 'Login administrator', '2017-10-04 18:55:40'),
(55, 'Login administrator', '2017-10-04 20:10:38'),
(55, 'Logout administrator', '2017-10-04 20:13:21'),
(12, 'Login administrator', '2017-10-04 22:50:18'),
(57, 'Login administrator', '2017-10-09 03:49:05'),
(57, 'Login administrator', '2017-10-09 03:49:10'),
(57, 'Login administrator', '2017-10-09 03:49:15'),
(15, 'Login administrator', '2017-10-09 07:42:01'),
(15, 'Menyimpan Galeri Foto SEMAT (Sensor Macet)', '2017-10-09 08:09:23'),
(15, 'Login administrator', '2017-10-09 10:11:35'),
(15, 'Login administrator', '2017-10-10 01:32:54'),
(15, 'Login administrator', '2017-10-10 01:44:01'),
(15, 'Login administrator', '2017-10-12 05:33:05'),
(15, 'Menyimpan Galeri Foto Sistema Asuh Pendidikan', '2017-10-12 06:08:42'),
(15, 'Mengubah Galeri Sistema Asuh Pendidikan', '2017-10-12 06:12:05'),
(15, 'Mengubah Galeri Asuh Pendidikan', '2017-10-12 06:12:18'),
(15, 'Menyimpan Galeri Foto E-Infrastucture', '2017-10-12 06:20:34'),
(15, 'Mengubah Galeri E-Infrastructur', '2017-10-12 06:21:58'),
(12, 'Login administrator', '2017-10-15 22:35:02'),
(12, 'Login administrator', '2017-10-15 22:44:50'),
(12, 'Logout administrator', '2017-10-15 23:07:36'),
(12, 'Login administrator', '2017-10-18 03:29:47'),
(12, 'Mengupdate user Institut Pertanian Bogor', '2017-10-18 03:30:03'),
(12, 'Login administrator', '2017-10-22 02:15:51'),
(57, 'Login administrator', '2017-10-22 22:15:50'),
(57, 'Logout administrator', '2017-10-22 22:31:54'),
(57, 'Login administrator', '2017-10-22 22:31:58'),
(12, 'Login administrator', '2017-10-22 22:55:50'),
(57, 'Login administrator', '2017-10-24 02:53:45'),
(57, 'Login administrator', '2017-10-24 02:54:16'),
(57, 'Menyimpan Galeri Foto fdf', '2017-10-24 03:11:58'),
(57, 'Mengubah Galeri mamama', '2017-10-24 03:12:09'),
(57, 'Menyimpan user 50', '2017-10-24 03:12:20'),
(57, 'Menyimpan user 50', '2017-10-24 03:12:35'),
(57, 'Menyimpan user 50', '2017-10-24 03:12:59'),
(57, 'Login administrator', '2017-10-24 03:17:25'),
(57, 'Logout administrator', '2017-10-24 03:22:11'),
(12, 'Login administrator', '2017-10-24 03:23:00'),
(57, 'Login administrator', '2017-10-24 18:57:45'),
(57, 'Login administrator', '2017-10-24 18:57:45'),
(57, 'Menghapus data dari tabel inovasi dengan id 50', '2017-10-24 18:57:56'),
(12, 'Login administrator', '2017-10-25 19:57:56'),
(60, 'Login administrator', '2017-10-26 00:59:51'),
(60, 'Edit profile', '2017-10-26 01:02:07'),
(60, 'Logout administrator', '2017-10-26 01:02:59');

-- --------------------------------------------------------

--
-- Table structure for table `opd`
--

CREATE TABLE `opd` (
  `opd_id` int(11) NOT NULL,
  `user_name` varchar(50) NOT NULL,
  `kepala_opd` varchar(50) NOT NULL,
  `email_opd` varchar(50) NOT NULL,
  `penginput` varchar(50) NOT NULL,
  `email_penginput` varchar(50) NOT NULL,
  `kontak` varchar(30) NOT NULL,
  `username` varchar(50) NOT NULL,
  `password` varchar(70) NOT NULL,
  `level` int(11) NOT NULL
) ENGINE=InnoDB DEFAULT CHARSET=latin1;

--
-- Dumping data for table `opd`
--

INSERT INTO `opd` (`opd_id`, `user_name`, `kepala_opd`, `email_opd`, `penginput`, `email_penginput`, `kontak`, `username`, `password`, `level`) VALUES
(11, 'bahu', 'kuuk', 'dinopanduagustio99@gmail.com', 'junar', 'dinopanduagustio99@gmail.com', '456457', 'kominfo', '21232f297a57a5a743894a0e4a801fc3', 0),
(12, 'bahu', 'iniii', 'dinopanduagustio99@gmail.com', 'junar', 'dinopanduagustio99@gmail.com', '456457', '145', '21232f297a57a5a743894a0e4a801fc3', 0),
(13, 'dishub', '', '', '', '', '', 'dishub', '8e943b18ac796dd0aedf659ca1adc5d3', 1),
(15, 'uika', 'Bayu Adhi Prakosa, SKom, MT', 'bayuuika@gmail.com', 'Bayu Adhi Prakosa, SKom, MT', 'bayuuika@gmail.com', 'bayuuika@gmail.com', 'uika', '287246709966940e7165f4d111f5e866', 1),
(16, 'sekretariat daerah', '-', 'sekda@kotabogor.go.id', '-', 'sekda@kotabogor.go.id', '-', 'sekda', '1c64c25a4e5b7092f3052ca8ad5cec16', 1),
(17, 'dewan perwakilan rakyat daerah', '-', 'dprd@kotabogor.go.id', '-', 'dprd@kotabogor.go.id', '-', 'dprd', '80ed8bb07427e24c08c871f6b8134c31', 1),
(18, 'sekretariat DPRD', '-', 'setwan@kotabogor.go.id', 'admin setwan', 'setwan@kotabogor.go.id', '02518323472', 'setwan', '9e3e9acdd84f2bc8e2ebd4d535a01abd', 1),
(19, 'inspektorat', '-', 'inspektorat@kotabogor.go.id', '-', 'inspektorat@kotabogor.go.id', '-', 'inspektorat', '46792cfd84c2147566f8b722d89cbb9f', 1),
(20, 'bkpsda', '-', 'bkpsda@kotabogor.go.id', '-', 'bkpsda@kotabogor.go.id', '-', 'bkpsda', '42d1a6cdb777b980cb4aa0991c1ccc0b', 1),
(21, 'bpkad', '-', 'bpkad@kotabogor.go.id', '-', 'bpkad@kotabogor.go.id', '-', 'bpkad', 'f870bb3fbbd689cae266a75afd7ba86b', 1),
(22, 'bappeda', 'Ir. Hj. Erna Hernawati, MM, MBA', 'bappeda@kotabogor.go.id', 'Naufal Isnaeni, S.Si. MT', 'bappeda@kotabogor.go.id', '-', 'bappeda', '910501f9687815400faa41b0517df6b6', 1),
(23, 'diskarpus', '-', 'diskarpus@kotabogor.go.id', '-', 'diskarpus@kotabogor.go.id', '-', 'diskarpus', 'ea412b0129977a375c712bef0d467bae', 1),
(24, 'dkp', '-', 'dkp@kotabogor.go.id', '-', 'dkp@kotabogor.go.id', '-', 'dkp', 'af5139c57303c3586e338b5b48ab7b3a', 1),
(25, 'diskominfostandi', '-', 'kominfo@kotabogor.go.id', '-', 'kominfo@kotabogor.go.id', '-', 'diskominfostandi', '0b03bc4bc376b16b61bf747f1ae7004d', 1),
(26, 'dpupr', '-', 'dpupr@kotabogor.go.id', '-', 'dpupr@kotabogor.go.id', '-', 'dpupr', '36e07520dc9789d2d3932ea747877e28', 1),
(27, 'dpmppa', '-', 'dpmppa@kotabogor.go.id', '-', 'dpmppa@kotabogor.go.id', '-', 'dpmppa', '263f51618a855b30a1cd83d44c64e718', 1),
(28, 'dppkb', '-', 'dppkb@kotabogor.go.id', '-', 'dppkb@kotabogor.go.id', '-', 'dppkb', '19b7cbd33a7fa1c7459ea9cf37384ff3', 1),
(29, 'dispora', '-', 'dispora@kotabogor.go.id', '-', 'dispora@kotabogor.go.id', '-', 'dispora', '44765502ca517c28739c5867c6cf02e3', 1),
(30, 'distani', '-', 'distani@kotabogor.go.id', '-', 'distani@kotabogor.go.id', '-', 'distani', '96b5d3fc0d038fc10ad36145af5de35c', 1),
(31, 'disperumkim', '-', 'disperumkim@kotabogor.go.id', '-', 'disperumkim@kotabogor.go.id', '-', 'disperumkim', '646f4900818905f72b70ce7b1b6ccd40', 1),
(32, 'dinsos', 'Ir.H.Azrin Syamsuddin,M.Si', 'dinsos@kotabogor.go.id', 'Darun Sukarno', 'darunsukarno81@gmail.com', '081315060689', 'dinsos', 'b9445a07cb3b4240b00fa612d5e7c114', 1),
(33, 'disnakertrans', '-', 'disnakertrans@kotabogor.go.id', '-', 'disnakertrans@kotabogor.go.id', '-', 'disnakertrans', 'f9ce5f6d1693baeb01fcc6ce2ae1ccfc', 1),
(34, 'satpolpp', '-', 'satpolpp@kotabogor.go.id', '-', 'satpolpp@kotabogor.go.id', '-', 'satpolpp', '77c1f39bfdefb71c24b1f6f728196161', 1),
(35, 'kesbangpol', 'FORDINAN, SE', 'kesbangpol@kotabogor.go.id', 'MAD HADI', 'kesbangpol@kotabogor.go.id', '02518332775', 'kesbangpol', 'd302b879c5cb5750221d3718a48ccbdb', 1),
(37, 'kecamatan bogor timur', '-', 'kecbotim@kotabogor.go.id', '-', 'kecbotim@kotabogor.go.id', '-', 'kecbotim', 'fe22491d929feab7580473c23205f180', 1),
(38, 'kecbosel', '-', 'kecbosel@kotabogor.go.id', '-', 'kecbosel@kotabogor.go.id', '-', 'kecbosel', '009b7caa75633a3a206bc12e132e9fba', 1),
(39, 'dpmptsp', '-', 'dpmptsp@kotabogor.go.id', '-', 'dpmptsp@kotabogor.go.id', '-', 'dpmptsp', '0f9ff02ee5a93b90b626e2b76c6af179', 1),
(40, 'bjb', '-', 'bjb@kotabogor.go.id', '-', 'bjb@kotabogor.go.id', '-', 'bjb', 'aec0b5aa834040c150ce37d84e534465', 1),
(41, 'dinkes', '-', 'dinkes@kotabogor.go.id', '-', 'dinkes@kotabogor.go.id', '-', 'dinkes', '884d948372a9ce4773b9bb6cc5a8c366', 1),
(42, 'dkumkm', '-', 'dkumkm@kotabogor.go.id', '-', 'dkumkm@kotabogor.go.id', '-', 'dkumkm', 'e7862e781aaa37f91e6560aecb6ddec0', 1),
(43, 'bapenda', 'Daud Nedo Darenoh, S.E', 'bapenda@kotabogor.go.id', 'Dicky Iman Nugraha', 'bapenda@kotabogor.go.id', '08111160113', 'bapenda', 'e25cce5c356eadd316c58927b6ea1c33', 1),
(44, 'disperindag', '-', 'disperindag@kotabogor.go.id', '-', 'disperindag@kotabogor.go.id', '-', 'disperindag', '208be086ca259cfef03d2f50e4d87e3d', 1),
(45, 'kecamatan tanah sareal', '-', 'kectansar@kotabogor.go.id', '-', 'kectansar@kotabogor.go.id', '-', 'kectansar', 'a49cb0d0169b42d018c6ab69fc9aeec2', 1),
(46, 'kecbobar', '-', 'kecbobar@kotabogor.go.id', '-', 'kecbobar@kotabogor.go.id', '-', 'kecbobar', '76854e0ebdc50a5f3835858cbeed8e02', 1),
(47, 'dlh', '-', 'dlh@kotabogor.go.id', '-', 'dlh@kotabogor.go.id', '-', 'dlh', '82a14ec33b32ba1c85863236bb35ec88', 1),
(48, 'disdukcapil', '-', 'disdukcapil@kotabogor.go.id', '-', 'disdukcapil@kotabogor.go.id', '-', 'disdukcapil', 'fd2c96d5cecf530e8808658bf71c35ce', 1),
(49, 'disparbud', '-', 'disparbud@kotabogor.go.id', '-', 'disparbud@kotabogor.go.id', '-', 'disparbud', '573c2ad2f40419ccbbd81ce315df1c85', 1),
(50, 'Kecamatan Bogor Utara', 'ATEP BUDIMAN, S.STP., M.M', 'kecamatanbout@gmail.com', 'TEDY MULYADI, SE', 'kecamatanbout@gmail.com', '0251-8323444', 'bout', 'eed1627ebd47bbc2ae83eeb8bc13093a', 1),
(51, 'disdik', '-', 'disdik@kotabogor.go.id', '-', 'disdik@kotabogor.go.id', '-', 'disdik', 'ecc6b794c4533167ada1b2213f9ca959', 1),
(52, 'kecboteng', '-', 'kecboteng@kotabogor.go.id', '-', 'kecboteng@kotabogor.go.id', '-', 'kecboteng', '3f488b5862dfca976c177addfce317f2', 1),
(53, 'kominfo', '', '', '', '', '', 'kominfo', '202cb962ac59075b964b07152d234b70', 1),
(54, 'HIPMI', '', '', 'Ronald', '', '08111632823', 'hipmi', '464845abfd0c293b1ba0bec9db01a0d3', 2),
(55, 'PDAM', '', '', '', '', '', 'pdam', '5954fba4e25843910e3ea4ed70471c97', 2),
(56, 'PD PASAR PAKUAN JAYA', 'ANDRI LATIEF A. MASNJOER', '', '', '', '', 'pdpasar', 'a10b23badc2c696a0476f4e40321d831', 1),
(57, 'Institut Pertanian Bogor', '', '', '', '', '', 'ipb', '521412b378629a548d7e8392212ab4ec', 2),
(58, 'SMP NEGERI 1', '', '', '', '', '', 'smpn1', '928be1cb09f3925b184456984bb180b7', 2),
(59, 'Forum Kota Sehat', 'Abdul Karim', 'santosatigerone001@gmail.com', 'Santosa', 'santosatigerone001@gmail.com', '087873832559', 'fkp', '1de5e4a67c73b1a72598d9f477d8b5c1', 2),
(60, 'Dinas Pengendalian Penduduk dan Keluarga Berencana', 'DRA. LILIES SUKARTINI, MM', 'dppkbkeuangan@gmail.com', 'Meita Putri Utami', 'dppkbkeuangan@gmail.com', '', 'dppkb', '5302eef521fd41def6834eb5be21a4b1', 1),
(61, 'Forum Karang Taruna', '', '', '', '', '', 'karangtaruna', 'd453bef50d23b2ce02349315fae01304', 2);

-- --------------------------------------------------------

--
-- Table structure for table `perkembangan`
--

CREATE TABLE `perkembangan` (
  `perkembangan_id` int(11) NOT NULL,
  `inovasi_id` int(11) NOT NULL,
  `status` varchar(30) NOT NULL,
  `persentase` varchar(30) NOT NULL,
  `nilai` varchar(5) NOT NULL,
  `tgl` varchar(20) NOT NULL,
  `ket` text NOT NULL
) ENGINE=InnoDB DEFAULT CHARSET=latin1;

--
-- Dumping data for table `perkembangan`
--

INSERT INTO `perkembangan` (`perkembangan_id`, `inovasi_id`, `status`, `persentase`, `nilai`, `tgl`, `ket`) VALUES
(9, 2, '6', '90', '', '2017-08-15', ''),
(10, 3, '6', '90', '', '2017-08-14', ''),
(11, 2, '6', '90', '', '2017-08-16', ''),
(13, 4, '1', '90', '', '2017-12-01', ''),
(14, 0, '2', '21', '', '2017-01-31', ''),
(15, 0, '1', '21', '', '2017-08-04', ''),
(16, 4, '6', '90', '', '2017-08-16', ''),
(17, 11, '1', '50', '22.5', '05-09-2017 ', ''),
(18, 9, '5', '80', '97', '28-08-2017 ', ''),
(19, 8, '4', '90', '83', '28-08-2017 ', ''),
(20, 12, '2', '50', '37.5', '28-08-2017 ', ''),
(21, 13, '6', '90%', '', '2017-08-18', ''),
(22, 15, '0', '90', '13.5', '28-08-2017 ', ''),
(24, 17, '0', '90', '13.5', '28-08-2017 ', ''),
(26, 21, '0', '90', '13.5', '28-08-2017 ', ''),
(28, 23, '3', '0', '0', '2017-08-01', ''),
(32, 26, '0', '90', '13.5', '28-08-2017 ', ''),
(33, 27, '0', '90', '13.5', '28-08-2017 ', ''),
(34, 28, '4', '90', '83', '28-08-2017 ', ''),
(35, 29, '0', '90', '13.5', '28-08-2017 ', ''),
(36, 30, '4', '90', '83', '28-08-2017 ', ''),
(37, 31, '4', '80%', '81', '28-08-2017 ', 'Tinggal di launching dan konten website nya dilengkapi'),
(39, 34, '5', '0', '85', '08-09-2017 ', ''),
(41, 16, '1', '90', '28.5', '08-09-2017 ', ''),
(42, 36, '0', '0', '0', '13-09-2017 ', ''),
(44, 38, '1', '80', '27', '13-09-2017 ', ''),
(45, 41, '1', '65%', '24.75', '13-09-2017 ', ''),
(46, 40, '3', '', '45', '13-09-2017 ', ''),
(47, 45, '4', '75', '80', '18-09-2017 ', ''),
(48, 44, '4', '65', '78', '24-09-2017 ', ''),
(49, 43, '4', '65', '78', '24-09-2017 ', ''),
(50, 50, '0', '10', '1.5', '24-10-2017 ', ''),
(51, 50, '1', '30', '19.5', '24-10-2017 ', ''),
(52, 50, '1', '50', '22.5', '24-10-2017 ', '');

-- --------------------------------------------------------

--
-- Table structure for table `report`
--

CREATE TABLE `report` (
  `idreport` int(11) NOT NULL,
  `bulan` varchar(50) DEFAULT NULL,
  `nilai` int(2) DEFAULT NULL
) ENGINE=MyISAM DEFAULT CHARSET=latin1;

--
-- Dumping data for table `report`
--

INSERT INTO `report` (`idreport`, `bulan`, `nilai`) VALUES
(1, 'januari', 50),
(2, 'febuari', 80);

--
-- Indexes for dumped tables
--

--
-- Indexes for table `inovasi`
--
ALTER TABLE `inovasi`
  ADD PRIMARY KEY (`inovasi_id`);

--
-- Indexes for table `opd`
--
ALTER TABLE `opd`
  ADD PRIMARY KEY (`opd_id`);

--
-- Indexes for table `perkembangan`
--
ALTER TABLE `perkembangan`
  ADD PRIMARY KEY (`perkembangan_id`);

--
-- Indexes for table `report`
--
ALTER TABLE `report`
  ADD PRIMARY KEY (`idreport`);

--
-- AUTO_INCREMENT for dumped tables
--

--
-- AUTO_INCREMENT for table `inovasi`
--
ALTER TABLE `inovasi`
  MODIFY `inovasi_id` int(11) NOT NULL AUTO_INCREMENT, AUTO_INCREMENT=51;
--
-- AUTO_INCREMENT for table `opd`
--
ALTER TABLE `opd`
  MODIFY `opd_id` int(11) NOT NULL AUTO_INCREMENT, AUTO_INCREMENT=62;
--
-- AUTO_INCREMENT for table `perkembangan`
--
ALTER TABLE `perkembangan`
  MODIFY `perkembangan_id` int(11) NOT NULL AUTO_INCREMENT, AUTO_INCREMENT=53;
--
-- AUTO_INCREMENT for table `report`
--
ALTER TABLE `report`
  MODIFY `idreport` int(11) NOT NULL AUTO_INCREMENT, AUTO_INCREMENT=3;COMMIT;

/*!40101 SET CHARACTER_SET_CLIENT=@OLD_CHARACTER_SET_CLIENT */;
/*!40101 SET CHARACTER_SET_RESULTS=@OLD_CHARACTER_SET_RESULTS */;
/*!40101 SET COLLATION_CONNECTION=@OLD_COLLATION_CONNECTION */;
